t,Fx(N),Fy(N),Fz(N),Tx(Nm),Ty(Nm),Tz(Nm),|F|
0.0004,2.95713,-6.16453,171.07614,-3.25456,3.34903,0.58793,171.21271
0.0879,3.09488,-5.93935,171.13181,-3.24639,3.34759,0.59136,171.26281
0.1089,3.03719,-6.20127,171.02963,-3.2507,3.34637,0.59507,171.16897
0.1348,3.0525,-6.25955,171.01352,-3.25154,3.34518,0.59362,171.15526
0.1585,3.09722,-6.18457,171.00589,-3.24756,3.34956,0.58931,171.14572
0.1826,2.93865,-6.11364,171.09286,-3.24826,3.35355,0.59319,171.22728
0.2107,2.96189,-6.06459,171.07587,-3.25336,3.34567,0.59359,171.20895
0.2313,2.95645,-5.91454,171.09349,-3.25647,3.34459,0.58961,171.22122
0.252,2.94556,-6.42086,171.01407,-3.26211,3.34509,0.59563,171.15991
0.2736,3.20407,-6.44921,170.96884,-3.24969,3.33868,0.60218,171.12043
0.2966,3.06471,-5.97819,170.94862,-3.25574,3.34501,0.59019,171.08058
0.3172,2.92439,-6.18969,171.19563,-3.25543,3.34659,0.59325,171.33245
0.338,3.10906,-6.20437,171.2477,-3.25425,3.35131,0.59162,171.38825
0.3591,3.07038,-6.10497,171.29053,-3.25189,3.34718,0.59034,171.42679
0.3802,3.0949,-6.17815,171.17551,-3.24962,3.34268,0.59414,171.31492
0.4025,3.03766,-6.05501,171.03772,-3.25502,3.34547,0.59179,171.17182
0.425,2.85829,-6.1319,171.04716,-3.24749,3.35241,0.58276,171.18091
0.4462,3.10806,-5.94271,171.14375,-3.2454,3.35251,0.58992,171.2751
0.467,3.02862,-6.21485,171.15988,-3.25726,3.35097,0.58884,171.29945
0.4894,3.09161,-6.14354,171.2397,-3.25967,3.33942,0.5896,171.37776
0.5135,2.86464,-6.52067,171.23222,-3.24888,3.34783,0.59602,171.38028
0.5345,2.99294,-6.0312,171.00334,-3.252,3.34981,0.59067,171.13584
0.5553,3.02463,-6.3245,171.09811,-3.25711,3.34063,0.58732,171.24168
0.5761,3.12513,-5.86682,171.30838,-3.24896,3.3516,0.59093,171.4373
0.5968,3.00561,-5.91099,171.14798,-3.25015,3.35562,0.58691,171.2764
0.6184,2.84535,-6.35237,171.23059,-3.2539,3.35534,0.59177,171.372
0.6392,2.97076,-6.22088,170.91476,-3.25821,3.34123,0.59308,171.05374
0.6669,3.00188,-6.05773,171.10773,-3.2507,3.35172,0.588,171.24124
0.6881,2.97965,-6.0751,171.25035,-3.25422,3.3487,0.59389,171.38398
0.7092,3.11384,-6.28735,171.12566,-3.25677,3.34216,0.59359,171.26943
0.7299,3.13081,-6.15742,170.91995,-3.2489,3.34549,0.59196,171.05948
0.7509,3.08495,-6.24886,170.76363,-3.25152,3.33809,0.59175,170.90577
0.7767,3.00604,-6.24029,171.14038,-3.25921,3.34302,0.59074,171.28049
0.8018,3.17705,-6.26141,171.03922,-3.25342,3.34614,0.59656,171.18327
0.826,3.13012,-6.05259,171.12422,-3.25014,3.34803,0.59274,171.25983
0.848,2.98709,-6.10306,171.31293,-3.25788,3.34756,0.58942,171.44763
0.8695,3.04873,-6.10814,171.05328,-3.24634,3.34946,0.5931,171.18946
0.8902,2.89797,-6.022,170.91499,-3.2487,3.34668,0.58915,171.0456
0.9113,2.86185,-6.15856,171.09952,-3.2574,3.35213,0.5922,171.23423
0.9338,3.08512,-6.22822,171.00662,-3.25288,3.34773,0.59236,171.14781
0.9545,2.8946,-6.28622,171.22527,-3.25452,3.34682,0.58972,171.36507
0.9805,2.94529,-6.10332,171.27472,-3.253,3.34798,0.59357,171.40874
1.005,3.14311,-6.06627,171.16527,-3.25644,3.34925,0.59041,171.30157
1.0281,3.04481,-5.95697,171.11949,-3.24716,3.34747,0.58714,171.25022
1.0511,3.03863,-6.09135,170.9848,-3.24952,3.34693,0.58773,171.12025
1.072,2.96147,-6.46191,171.1908,-3.25744,3.3472,0.59216,171.33831
1.0927,2.99527,-6.29815,171.18239,-3.2563,3.34216,0.59411,171.3244
1.1149,2.95152,-6.159,171.35028,-3.26013,3.3496,0.58598,171.48634
1.1355,3.10488,-6.06749,171.04924,-3.25669,3.34409,0.58361,171.18498
1.1561,3.07604,-5.88152,171.1907,-3.24857,3.34467,0.58992,171.31933
1.1767,3.17961,-6.21123,171.17343,-3.25343,3.35043,0.59647,171.31559
1.1977,2.90419,-6.10863,171.04245,-3.25184,3.35007,0.59024,171.17614
1.2214,3.01329,-6.23658,171.41988,-3.25216,3.3489,0.59403,171.55975
1.2421,2.95916,-6.14054,171.25789,-3.25181,3.35007,0.58974,171.39349
1.2628,3.00777,-6.43056,171.15167,-3.25866,3.34674,0.59056,171.29884
1.2879,2.93762,-6.22898,171.40236,-3.25982,3.34877,0.59134,171.54066
1.3084,3.03716,-6.2765,171.23134,-3.25044,3.35232,0.58758,171.37325
1.3307,2.95376,-6.16838,171.25218,-3.25351,3.34507,0.58975,171.38869
1.3513,3.10284,-5.98817,171.50465,-3.25514,3.35333,0.58724,171.63721
1.3772,3.02662,-6.1104,171.25424,-3.25695,3.35643,0.59254,171.38994
1.3978,3.13719,-5.71957,171.24652,-3.24044,3.35626,0.59041,171.37073
1.4186,3.0225,-6.29615,171.22781,-3.2555,3.36132,0.59604,171.37019
1.4393,2.86663,-5.98441,171.16542,-3.2585,3.36684,0.59087,171.29399
1.4601,3.03467,-6.07607,171.10371,-3.25522,3.3754,0.59831,171.23846
1.4821,3.2518,-6.0822,171.15256,-3.25266,3.37491,0.59505,171.29146
1.5035,2.94008,-6.23745,171.16992,-3.25333,3.37047,0.59805,171.30876
1.5297,3.02109,-6.26828,171.43803,-3.25588,3.36595,0.59787,171.57919
1.5504,3.0617,-6.21432,171.09555,-3.25721,3.35074,0.59224,171.23574
1.5709,2.95027,-6.41401,171.07898,-3.24992,3.34834,0.58932,171.22459
1.5919,3.01189,-6.00741,171.04323,-3.24742,3.34491,0.58782,171.17519
1.6127,2.88251,-6.11758,171.23361,-3.26264,3.34687,0.58575,171.3671
1.635,3.26067,-6.18645,171.11548,-3.2552,3.34046,0.59398,171.25832
1.661,2.95846,-5.97717,171.20039,-3.25511,3.34934,0.59155,171.33025
1.6822,2.90019,-6.22243,171.13779,-3.25517,3.34629,0.59217,171.27543
1.7032,3.07974,-6.22925,171.25293,-3.25509,3.34625,0.59136,171.39386
1.7239,3.13853,-6.13489,170.82364,-3.24526,3.34378,0.59628,170.96258
1.7463,2.93539,-6.2318,171.17044,-3.25636,3.34875,0.59109,171.30899
1.7672,3.03391,-6.14863,171.29092,-3.24145,3.34716,0.58931,171.42809
1.793,3.05907,-6.2808,171.09985,-3.25227,3.34787,0.59331,171.24242
1.8169,3.02159,-5.65474,171.41963,-3.2503,3.34638,0.58794,171.53949
1.8375,2.99168,-5.77407,171.28365,-3.25056,3.35146,0.58857,171.40705
1.8583,3.0005,-6.10034,171.51796,-3.24411,3.35535,0.59314,171.65264
1.8797,3.04708,-5.99533,171.19089,-3.24877,3.34556,0.58775,171.32294
1.9027,2.91281,-6.12108,171.15367,-3.25552,3.35166,0.58769,171.28786
1.9262,2.91906,-6.1594,171.10991,-3.25462,3.34569,0.58703,171.24561
1.9469,3.0976,-6.62518,170.97583,-3.25438,3.3433,0.59974,171.13218
1.9679,3.05856,-6.27566,170.9165,-3.25589,3.3473,0.59235,171.05902
1.9913,2.91426,-6.25835,171.22707,-3.26278,3.34707,0.59519,171.36618
2.0173,2.89516,-6.12708,171.61868,-3.25886,3.34864,0.59139,171.75242
2.0382,3.09382,-6.01665,171.25507,-3.25566,3.3455,0.58803,171.38865
2.059,2.81067,-6.1452,171.19823,-3.25479,3.35288,0.58634,171.33154
2.08,3.15253,-6.22839,171.11749,-3.24575,3.34258,0.59528,171.25982
2.102,2.84204,-6.24392,171.10471,-3.26087,3.3514,0.59193,171.24218
2.1232,2.96512,-6.06103,170.99139,-3.25756,3.3398,0.58978,171.12447
2.1442,3.05598,-6.04433,171.05367,-3.2532,3.34596,0.59127,171.1877
2.1648,3.1022,-6.58951,171.09644,-3.26099,3.34702,0.59802,171.25138
2.1901,2.96682,-6.27411,171.00998,-3.24859,3.34358,0.59208,171.15075
2.2107,3.21668,-6.26364,170.91957,-3.25298,3.34598,0.58849,171.06455
2.2319,2.95343,-6.27658,171.21825,-3.25611,3.35134,0.59397,171.35871
2.2529,2.95081,-6.25961,170.96005,-3.25515,3.34162,0.59358,171.10006
2.2736,3.24386,-6.21073,171.04045,-3.24437,3.37654,0.59486,171.18391
2.2944,3.26849,-6.14175,171.25322,-3.23794,3.3759,0.59579,171.39448
2.3164,3.20856,-6.48272,171.05157,-3.2556,3.37189,0.59737,171.20444
2.3429,3.25595,-6.18706,170.983,-3.2619,3.40377,0.59181,171.12588
2.3636,3.31678,-5.85992,171.0564,-3.25883,3.40906,0.5835,171.18887
2.3843,3.07759,-5.94416,171.3176,-3.26188,3.41266,0.58445,171.44831
2.4051,3.29443,-5.92833,170.96045,-3.27394,3.4145,0.5882,171.09493
2.4256,3.50182,-5.69486,171.13811,-3.25223,3.41419,0.58778,171.26864
2.4471,3.17648,-6.09599,171.0864,-3.26276,3.39187,0.59079,171.22443
2.4689,3.25764,-6.10348,171.23766,-3.25295,3.38349,0.59639,171.37736
2.4976,3.05773,-5.98063,171.01564,-3.25163,3.37712,0.58711,171.1475
2.5188,3.22385,-6.14271,171.1628,-3.25393,3.3718,0.58876,171.30332
2.5425,3.03117,-6.22445,171.3728,-3.26225,3.36677,0.59225,171.51259
2.564,3.15395,-5.92113,171.22232,-3.25173,3.35587,0.58968,171.3537
2.5855,3.08706,-6.1568,171.31342,-3.24831,3.35355,0.59237,171.45181
2.6078,3.20801,-5.89251,171.04028,-3.24081,3.35532,0.59382,171.17182
2.6287,3.19059,-6.17698,171.03447,-3.24687,3.35554,0.59632,171.17571
2.6499,3.17899,-6.3335,171.27843,-3.25768,3.36166,0.60172,171.42497
2.6741,3.12936,-6.14609,171.18661,-3.25609,3.35806,0.59485,171.32549
2.6988,3.03968,-5.9145,170.96121,-3.25007,3.34887,0.59821,171.09049
2.7195,3.15731,-6.25337,170.94809,-3.24544,3.35399,0.59889,171.09156
2.7403,2.9711,-6.4821,171.15407,-3.25915,3.36194,0.60231,171.30254
2.7612,3.00603,-6.06,171.38412,-3.25627,3.36324,0.59915,171.51757
2.7834,3.19865,-6.35158,171.05426,-3.26257,3.36343,0.60523,171.20203
2.8088,3.11226,-6.06288,171.18942,-3.24141,3.36703,0.59092,171.32502
2.8296,3.08245,-6.37975,171.14162,-3.25058,3.37556,0.59841,171.28822
2.8509,3.03066,-6.28688,171.17882,-3.25363,3.38437,0.60082,171.32104
2.8715,3.13413,-6.24747,170.9847,-3.25258,3.37892,0.60132,171.1275
2.8922,2.98165,-5.88577,171.37318,-3.25169,3.38873,0.59589,171.50015
2.9129,3.27379,-6.2514,170.84563,-3.25373,3.38696,0.59832,170.9913
2.9336,3.11683,-6.10453,171.05209,-3.25184,3.39337,0.59574,171.18936
2.9549,3.29327,-6.21777,170.714,-3.24979,3.39117,0.60445,170.85894
2.9765,3.14137,-6.2086,170.88376,-3.26166,3.38931,0.60102,171.02536
3.0029,3.41262,-6.2201,170.90184,-3.25464,3.39311,0.6098,171.04904
3.0238,3.03083,-6.09085,170.89651,-3.25101,3.39639,0.59863,171.03188
3.0446,3.04299,-6.15483,170.94794,-3.24652,3.40318,0.60198,171.08576
3.0658,3.24112,-5.88751,170.90782,-3.24924,3.40163,0.60265,171.03991
3.0865,3.36112,-6.09652,171.022,-3.25568,3.38924,0.60519,171.16364
3.1092,3.22639,-6.10566,170.96553,-3.24895,3.397,0.60641,171.10494
3.1324,3.1529,-5.94683,171.08604,-3.24902,3.40619,0.60028,171.2184
3.1601,3.25212,-5.9444,171.01553,-3.25443,3.3976,0.59306,171.14971
3.182,3.38367,-6.13575,170.90338,-3.25054,3.39113,0.60083,171.04696
3.206,3.20543,-5.94212,171.17143,-3.25747,3.38954,0.59886,171.30453
3.227,3.08862,-5.94423,171.09624,-3.25351,3.39335,0.5942,171.22732
3.2493,3.20958,-5.99928,171.21849,-3.25905,3.3918,0.60292,171.35362
3.2705,3.218,-6.01696,171.08044,-3.2492,3.39239,0.59594,171.21646
3.2914,3.32348,-6.18713,170.91081,-3.25388,3.39185,0.59908,171.05506
3.3124,3.28823,-6.07076,170.89452,-3.25249,3.39382,0.60289,171.03392
3.3348,3.10055,-5.83429,171.1544,-3.25157,3.39389,0.5946,171.28188
3.3589,3.22689,-6.00031,171.09422,-3.25456,3.3821,0.59817,171.22982
3.3798,3.05803,-6.00131,171.24991,-3.25821,3.38704,0.59466,171.38232
3.4014,3.08243,-5.86224,171.16351,-3.25141,3.38675,0.59469,171.29161
3.4225,3.20656,-5.94964,171.1642,-3.25642,3.37991,0.59234,171.29759
3.4452,3.11337,-6.11301,171.26231,-3.25304,3.3751,0.60036,171.39966
3.4669,3.12969,-6.30853,171.19197,-3.25766,3.37896,0.59805,171.33675
3.491,3.16622,-6.259,171.21915,-3.2568,3.37767,0.60023,171.36276
3.512,3.16209,-6.25133,171.07478,-3.25561,3.37523,0.5923,171.21816
3.5332,3.22167,-6.14879,171.03282,-3.25654,3.38191,0.60451,171.17363
3.5543,3.19663,-6.14353,170.98141,-3.2575,3.37238,0.59919,171.12161
3.575,3.14937,-5.88721,170.98595,-3.24809,3.37461,0.59733,171.11625
3.5966,3.0956,-6.24017,171.25389,-3.24928,3.3859,0.60208,171.3955
3.6181,3.19426,-6.32013,171.08582,-3.24283,3.391,0.6082,171.23231
3.6402,3.2231,-6.20777,171.10312,-3.2604,3.40196,0.59692,171.24603
3.6644,3.29657,-5.98588,171.13783,-3.25303,3.4034,0.60051,171.27421
3.6852,3.37199,-5.86718,170.91373,-3.25717,3.38801,0.59624,171.04764
3.707,3.39112,-5.99659,170.67049,-3.26537,3.39857,0.59326,170.80947
3.7279,3.33515,-6.23932,171.10559,-3.27221,3.41386,0.5915,171.25179
3.7488,3.3386,-5.61337,171.04675,-3.26437,3.39299,0.59081,171.1714
3.771,3.11539,-5.99228,171.27666,-3.2611,3.37941,0.5934,171.40976
3.7938,2.88975,-6.33373,171.04663,-3.25463,3.37224,0.59549,171.18825
3.8168,3.04539,-6.16703,171.05911,-3.2445,3.36468,0.59332,171.19733
3.8385,3.00337,-6.2918,171.13284,-3.26016,3.35655,0.5958,171.2748
3.8595,2.95655,-6.30146,171.44923,-3.2618,3.36629,0.59854,171.59047
3.8802,2.99868,-6.08781,171.50114,-3.2504,3.36642,0.59104,171.63536
3.901,3.11824,-6.13812,171.14388,-3.25436,3.35804,0.59267,171.2823
3.9228,2.95443,-6.41062,171.19121,-3.25172,3.35598,0.59809,171.33667
3.9444,3.026,-6.25872,171.08479,-3.2555,3.35891,0.59367,171.22598
3.9696,3.01001,-6.22375,171.53035,-3.25454,3.35827,0.59585,171.66961
3.9907,3.07224,-6.00564,171.17982,-3.2537,3.3577,0.592,171.31269
4.0122,2.8878,-6.37854,171.19568,-3.25399,3.36299,0.59767,171.3388
4.0335,3.00283,-6.12215,171.2887,-3.25882,3.35713,0.58909,171.42437
4.0549,3.23677,-6.11149,171.14104,-3.26203,3.35526,0.59813,171.28071
4.0808,3.06671,-6.1366,171.23375,-3.2499,3.36086,0.59552,171.37112
4.1022,3.12855,-5.92799,171.53893,-3.24712,3.36134,0.59445,171.66983
4.123,3.12158,-5.85115,171.10896,-3.24112,3.35756,0.59428,171.23743
4.1446,3.20046,-5.86455,171.17387,-3.24781,3.35444,0.58512,171.30421
4.1658,3.15958,-5.9961,170.9572,-3.24189,3.35669,0.5922,171.0915
4.1875,3.05334,-5.8886,171.25813,-3.24855,3.36076,0.59068,171.38654
4.2092,3.10592,-6.09817,171.17836,-3.25006,3.35793,0.59658,171.31511
4.2303,2.95067,-6.14502,171.49017,-3.25681,3.36273,0.59276,171.6256
4.2534,3.09211,-5.92186,171.21425,-3.24371,3.363,0.59268,171.34453
4.2797,3.12145,-6.11718,171.04662,-3.24986,3.35788,0.58696,171.18443
4.3018,3.13219,-6.135,171.16592,-3.25513,3.35883,0.59428,171.30447
4.3269,3.0599,-6.43801,171.13411,-3.25635,3.35468,0.59505,171.2825
4.3491,3.16269,-5.94365,171.20482,-3.24916,3.35247,0.58942,171.33715
4.3708,3.0217,-6.4338,171.15341,-3.25745,3.35668,0.59175,171.30095
4.3915,2.98496,-6.0974,171.24821,-3.25401,3.35564,0.59134,171.38273
4.4141,3.17608,-6.13835,171.10936,-3.25762,3.35472,0.59838,171.24888
4.4377,3.0927,-6.07433,171.37262,-3.25381,3.34848,0.59125,171.50813
4.4598,3.13651,-6.03842,171.13312,-3.2555,3.34163,0.58916,171.26834
4.4818,3.04691,-6.42461,171.08815,-3.26882,3.34803,0.59372,171.23584
4.503,3.10142,-6.34303,171.24358,-3.25365,3.34589,0.59927,171.38908
4.5319,3.04566,-6.11118,171.08846,-3.26003,3.3529,0.58684,171.22465
4.5543,3.00873,-5.9666,171.19243,-3.24936,3.35865,0.58963,171.3228
4.5811,3.17957,-5.92353,171.07091,-3.24808,3.35705,0.59013,171.20296
4.6028,2.95325,-6.23457,171.14894,-3.25831,3.35533,0.58913,171.28792
4.6244,3.15542,-6.12301,171.23453,-3.26112,3.35895,0.59011,171.37302
4.6451,3.08447,-6.1385,171.00713,-3.25006,3.35192,0.59345,171.14506
4.667,3.03774,-6.25936,171.2876,-3.25842,3.34984,0.58918,171.42884
4.688,3.03568,-6.15725,171.08708,-3.24678,3.35652,0.58896,171.22475
4.7102,3.07033,-6.01712,171.14621,-3.24542,3.35562,0.58867,171.27947
4.7338,2.8779,-6.2764,171.1474,-3.25839,3.34968,0.5932,171.28663
4.7545,2.99299,-6.23628,171.25461,-3.26144,3.35524,0.59087,171.39425
4.7761,2.9981,-6.14684,171.1877,-3.24571,3.35261,0.59133,171.32425
4.7974,3.17382,-6.32142,171.28603,-3.25395,3.34892,0.59711,171.43202
4.8198,2.9816,-6.01311,171.35367,-3.25,3.35056,0.59499,171.48506
4.8406,3.06547,-6.16325,171.27122,-3.25327,3.34956,0.59192,171.4095
4.863,3.01438,-6.32916,171.05173,-3.25995,3.34614,0.59146,171.19532
4.8874,3.00374,-6.35158,171.13667,-3.2522,3.3506,0.59521,171.28084
4.9082,2.9818,-6.18232,171.38063,-3.24946,3.35328,0.59327,171.51802
4.9294,3.09538,-6.11011,170.79446,-3.25832,3.34574,0.59647,170.93175
4.9502,2.82956,-6.15067,171.28409,-3.25934,3.35473,0.59686,171.41784
4.9708,3.00254,-6.09138,171.3145,-3.25367,3.34102,0.58977,171.44905
4.992,2.83898,-6.37739,171.327,-3.25203,3.35592,0.59513,171.46915
5.0144,2.82216,-6.39323,171.04492,-3.25624,3.35109,0.5923,171.18763
5.0395,3.01147,-6.25949,171.12514,-3.26252,3.34764,0.59332,171.26606
5.0605,2.9932,-6.19507,171.18663,-3.25786,3.35274,0.5934,171.32484
5.0816,2.8942,-6.18278,171.38692,-3.25352,3.34891,0.58857,171.52282
5.1028,3.06053,-6.16221,171.08743,-3.24995,3.34606,0.59269,171.22573
5.1235,3.08588,-5.88158,171.24805,-3.25378,3.35178,0.58858,171.3768
5.1464,2.94155,-6.15165,171.1011,-3.24882,3.34665,0.5877,171.23692
5.1686,3.02419,-6.1334,171.0717,-3.25198,3.35616,0.58971,171.20833
5.1927,3.05348,-6.29308,171.2412,-3.25456,3.35106,0.59528,171.38399
5.2136,3.02936,-6.21639,170.9472,-3.25012,3.34682,0.58993,171.08702
5.2343,3.14309,-6.44051,171.1107,-3.26396,3.34355,0.5949,171.26071
5.2555,2.96167,-6.51674,171.11624,-3.25979,3.34845,0.59766,171.2659
5.2774,2.98554,-6.05926,171.03346,-3.24969,3.34891,0.59253,171.1668
5.2985,3.10663,-6.27326,171.19524,-3.25314,3.34523,0.59233,171.3383
5.3211,3.22489,-6.12495,171.02716,-3.25618,3.34725,0.59223,171.16718
5.3469,3.00887,-6.36762,171.14609,-3.24715,3.3449,0.59189,171.29093
5.3677,3.05761,-6.46689,170.98593,-3.2592,3.34814,0.60096,171.1355
5.3885,2.98738,-6.31461,171.4207,-3.25528,3.35013,0.5993,171.56298
5.4091,2.91982,-6.37663,171.27425,-3.26361,3.35009,0.59696,171.41778
5.4305,2.98733,-6.05257,171.06613,-3.2555,3.35271,0.59468,171.19924
5.4514,2.85873,-6.45692,171.16484,-3.25378,3.35131,0.5935,171.31044
5.474,3.24296,-6.43608,170.91539,-3.25276,3.34151,0.59643,171.06727
5.4982,3.07348,-6.19743,171.09544,-3.25317,3.34912,0.59438,171.23523
5.5189,3.18616,-6.26369,170.8373,-3.2519,3.34722,0.59434,170.98177
5.5399,3.11582,-6.09357,171.03352,-3.25054,3.34425,0.59332,171.1704
5.5618,2.98454,-6.16121,171.18687,-3.25281,3.34578,0.59073,171.32371
5.5841,3.12155,-6.3686,171.00966,-3.25897,3.34325,0.59621,171.15667
5.6099,2.80823,-6.3984,171.20428,-3.25131,3.35257,0.59624,171.34682
5.6306,3.14229,-6.70713,171.07051,-3.2564,3.34329,0.60305,171.23078
5.6534,2.98835,-6.15742,171.09352,-3.24894,3.34607,0.59048,171.23036
5.6777,3.03205,-6.24515,171.12581,-3.25729,3.34954,0.59474,171.26657
5.7017,3.02212,-6.30981,171.46608,-3.25168,3.35128,0.59639,171.60875
5.7224,3.02144,-6.3284,171.00259,-3.25368,3.34989,0.59007,171.14633
5.744,3.13862,-6.16799,171.11417,-3.25086,3.3506,0.59059,171.25406
5.7652,3.08294,-6.18644,171.17673,-3.24575,3.34651,0.5972,171.31622
5.7869,3.12544,-6.30001,171.27344,-3.25684,3.34781,0.59282,171.41776
5.8093,2.96918,-6.37797,170.91177,-3.24733,3.35013,0.59595,171.05651
5.8308,3.07009,-6.25622,171.27153,-3.255,3.34796,0.59127,171.41325
5.8542,3.00747,-6.26164,171.40657,-3.26575,3.34815,0.58842,171.54727
5.8749,2.9636,-5.94432,171.06107,-3.25387,3.35149,0.59396,171.18997
5.8965,3.03914,-6.05613,170.8217,-3.25067,3.3463,0.58979,170.95604
5.9177,2.89456,-6.29919,170.95203,-3.25152,3.34584,0.59107,171.09253
5.94,2.9869,-6.24056,171.18788,-3.25397,3.35389,0.59154,171.32763
5.9629,3.1644,-6.26746,171.27217,-3.25701,3.34489,0.59657,171.41602
5.9856,3.0408,-6.29387,170.93503,-3.24775,3.34858,0.59559,171.07789
6.0066,3.26979,-5.88338,171.04349,-3.2576,3.35197,0.59308,171.17588
6.0278,2.85301,-6.1098,171.0466,-3.24852,3.34793,0.59042,171.17946
6.0486,3.0207,-6.1574,171.16327,-3.25346,3.35038,0.59191,171.30062
6.0699,3.20685,-6.04406,170.89546,-3.25354,3.35213,0.5909,171.03238
6.091,2.99905,-6.25489,171.23737,-3.25221,3.34743,0.59504,171.37781
6.1126,2.99529,-6.1462,170.93536,-3.25311,3.34732,0.59149,171.07205
6.1355,2.97872,-5.95903,171.12491,-3.25246,3.35329,0.58695,171.25454
6.1597,3.18618,-6.29372,171.03157,-3.25811,3.33902,0.59425,171.17699
6.181,3.08731,-6.09625,171.39198,-3.25448,3.35018,0.59554,171.52815
6.2017,2.94097,-6.1911,171.19058,-3.2481,3.35052,0.59127,171.32774
6.2224,3.01597,-6.05151,171.05617,-3.25332,3.34717,0.59178,171.18975
6.2439,3.00159,-6.19233,171.0473,-3.25194,3.35079,0.58711,171.18567
6.2651,3.07741,-5.87976,171.1637,-3.24752,3.34796,0.59098,171.2923
6.2881,3.0334,-6.10301,171.05579,-3.25193,3.34868,0.59188,171.1915
6.3162,3.06554,-5.98535,171.32622,-3.24911,3.3546,0.58466,171.45814
6.3418,3.04956,-5.9586,171.13919,-3.24635,3.34622,0.59154,171.27004
6.3628,2.98328,-6.35507,171.30243,-3.25338,3.3545,0.59995,171.44623
6.3834,2.95262,-6.11716,170.86862,-3.25055,3.35143,0.59667,171.00358
6.4054,3.00156,-6.11292,171.38005,-3.25158,3.34588,0.5907,171.5153
6.4266,3.02576,-6.44328,171.06516,-3.25314,3.34607,0.59923,171.2132
6.4473,3.0651,-6.17617,171.24078,-3.24759,3.35924,0.59264,171.37954
6.4698,2.87376,-6.3668,171.3015,-3.26094,3.34646,0.59466,171.44386
6.4905,2.97269,-6.05943,171.08566,-3.25032,3.34924,0.5918,171.21874
6.5158,3.00729,-6.02104,171.35292,-3.25612,3.35128,0.58938,171.48504
6.537,3.0603,-6.52343,171.12883,-3.25556,3.34244,0.59899,171.28046
6.5585,3.02908,-6.12488,171.05017,-3.25163,3.34591,0.59154,171.1866
6.5798,2.96462,-6.09946,171.53522,-3.24562,3.3573,0.59196,171.66923
6.6007,3.07652,-6.05939,171.21193,-3.24257,3.35108,0.58994,171.34674
6.6235,3.18899,-6.15713,170.98137,-3.2541,3.34756,0.59471,171.12191
6.6473,3.03745,-6.15331,171.17427,-3.24988,3.34522,0.59565,171.31176
6.6682,2.87148,-6.151,171.20937,-3.25408,3.35181,0.59067,171.34389
6.6907,2.953,-6.29054,171.14049,-3.25566,3.35649,0.58815,171.28152
6.7117,2.84504,-6.40223,171.19977,-3.26387,3.34548,0.59355,171.34306
6.7325,3.19374,-6.00461,171.12592,-3.25146,3.3517,0.59122,171.26101
6.7532,2.90818,-6.3561,171.03642,-3.25819,3.35359,0.59397,171.17919
6.7753,3.05929,-6.25398,171.19183,-3.24732,3.34963,0.59641,171.33335
6.797,2.97177,-6.31503,171.36078,-3.25691,3.34871,0.59583,171.50285
6.8211,3.16004,-6.25917,171.25082,-3.25032,3.34947,0.59888,171.3943
6.842,3.03354,-6.30934,171.03743,-3.25108,3.35294,0.59373,171.18064
6.8633,2.98172,-6.21768,171.02528,-3.24917,3.35211,0.59733,171.16424
6.8847,2.95815,-6.23156,171.09578,-3.25545,3.34917,0.59247,171.23478
6.9057,2.93846,-6.07119,171.10909,-3.24846,3.35015,0.59152,171.24197
6.9274,3.03065,-6.25979,171.05284,-3.24954,3.351,0.59231,171.19417
6.9509,3.10487,-6.08512,171.3743,-3.25515,3.34911,0.59378,171.5104
6.9791,3.19574,-5.94843,171.12279,-3.25141,3.34453,0.58828,171.25596
7.0017,3.13743,-6.00923,171.09009,-3.25429,3.34702,0.58949,171.22433
7.0248,3.08804,-5.89486,171.08148,-3.24193,3.34871,0.58695,171.21086
7.0457,3.0635,-6.01948,171.19991,-3.25308,3.35691,0.5925,171.33309
7.0673,2.76996,-6.34493,171.44499,-3.25506,3.35187,0.58873,171.58472
7.088,2.97502,-6.47774,171.07016,-3.25545,3.34867,0.59649,171.21861
7.1102,3.0874,-6.21933,171.23515,-3.25746,3.35032,0.59328,171.37587
7.1311,2.91726,-6.0136,171.08536,-3.24463,3.35077,0.59076,171.21587
7.158,3.01425,-6.16044,171.22343,-3.25416,3.34876,0.59044,171.36073
7.1788,3.00605,-6.01028,171.37358,-3.24879,3.35053,0.59112,171.50529
7.1999,3.09636,-6.12984,171.06194,-3.25785,3.34585,0.5925,171.19973
7.2207,3.14943,-6.14395,171.23546,-3.24962,3.348,0.5957,171.37459
7.2427,3.06984,-6.14637,171.13438,-3.24914,3.34742,0.59209,171.27224
7.2658,3.06245,-6.23058,171.09329,-3.26255,3.3479,0.59006,171.23409
7.2889,2.98554,-6.2283,171.07408,-3.24977,3.34716,0.59542,171.21345
7.3096,2.85668,-6.1995,171.26294,-3.24815,3.35824,0.59093,171.39892
7.3326,3.05244,-6.22554,171.06454,-3.25898,3.34923,0.59689,171.205
7.3544,2.99616,-6.04919,171.26299,-3.24615,3.35084,0.5935,171.39597
7.3832,3.01264,-6.11275,171.07869,-3.24803,3.35025,0.59114,171.21437
7.4043,3.09545,-6.07352,170.97141,-3.25334,3.35236,0.59119,171.10725
7.4251,2.8126,-6.16111,171.11624,-3.25469,3.35716,0.58987,171.25022
7.4489,2.96758,-6.46218,171.13867,-3.25855,3.34695,0.59452,171.28634
7.4712,2.89723,-6.04666,171.26477,-3.2549,3.35157,0.58829,171.39597
7.4918,3.07216,-6.07467,170.97264,-3.24964,3.34748,0.5903,171.10811
7.5128,3.00668,-5.94978,171.28726,-3.25096,3.35444,0.58717,171.41694
7.5347,3.01667,-6.18288,171.19237,-3.25183,3.35144,0.59211,171.33054
7.5561,3.03468,-6.44202,171.14706,-3.25601,3.34873,0.59915,171.29514
7.5776,2.87455,-5.98432,171.29466,-3.24742,3.35302,0.58933,171.42327
7.5998,2.98205,-6.07485,171.32631,-3.25322,3.35307,0.59208,171.45991
7.6206,2.84442,-6.29967,171.0507,-3.25671,3.34447,0.5917,171.1903
7.6441,2.96576,-6.42797,171.14731,-3.25927,3.34602,0.59116,171.29365
7.6663,3.00942,-6.3803,171.09192,-3.25281,3.34973,0.59225,171.23729
7.6873,2.93659,-6.31379,171.29651,-3.25287,3.3441,0.59139,171.43798
7.708,3.09564,-6.1293,171.15085,-3.2498,3.34308,0.59286,171.28854
7.7302,3.01009,-6.13257,171.1384,-3.26497,3.34526,0.59401,171.27469
7.7525,3.01998,-6.10152,171.20874,-3.25949,3.34913,0.59115,171.34404
7.7778,3.05214,-6.30506,171.08084,-3.25035,3.34569,0.5968,171.22419
7.7984,3.23457,-6.0872,171.30452,-3.24938,3.34806,0.59451,171.44315
7.82,2.89295,-6.03569,171.20154,-3.26375,3.34662,0.58838,171.33232
7.8416,2.98853,-5.99539,171.11226,-3.25303,3.34675,0.58994,171.24334
7.8628,2.94315,-6.38998,171.0244,-3.24187,3.35077,0.5927,171.16904
7.8863,3.03264,-6.4056,170.99911,-3.25408,3.35185,0.59581,171.14592
7.9072,2.99541,-6.18574,171.1577,-3.25113,3.35168,0.59295,171.29563
7.9296,2.9148,-6.24883,171.21136,-3.25668,3.34965,0.59628,171.35015
7.9504,3.023,-6.15275,171.01759,-3.25155,3.34478,0.59324,171.15494
7.9716,3.02512,-6.52719,171.07248,-3.25658,3.34715,0.59518,171.22368
7.9927,3.04196,-6.14545,171.07713,-3.24563,3.3515,0.59242,171.2145
8.014,3.06531,-5.95671,171.21548,-3.24704,3.35244,0.586,171.34649
8.0361,3.19895,-6.0046,171.1853,-3.25961,3.34311,0.59414,171.32045
8.0593,2.98009,-6.23504,170.98239,-3.26079,3.34231,0.5946,171.12199
8.0819,2.95034,-6.17135,171.32423,-3.25762,3.35194,0.58916,171.46073
8.1028,3.00331,-6.72555,171.21335,-3.25452,3.34889,0.59612,171.37171
8.1249,3.06234,-5.94531,171.26628,-3.24285,3.35533,0.59432,171.3968
8.1459,3.00541,-6.39246,171.34641,-3.25594,3.35525,0.59493,171.49194
8.1666,2.98702,-5.95669,171.28596,-3.24397,3.35255,0.5906,171.41554
8.1881,3.04932,-6.21475,171.08119,-3.26057,3.35027,0.59278,171.22119
8.209,3.05532,-6.22744,170.91846,-3.24973,3.34432,0.59495,171.05916
8.2296,2.85788,-6.5747,171.16234,-3.25339,3.34901,0.60099,171.31241
8.2548,3.21906,-6.2565,170.89226,-3.25846,3.34824,0.59352,171.03704
8.2757,2.94054,-6.33615,171.17644,-3.2565,3.34902,0.59997,171.3189
8.2971,3.01062,-6.33663,170.96268,-3.25386,3.34577,0.5947,171.10656
8.3178,3.15285,-5.95148,171.08199,-3.24849,3.34747,0.59343,171.2145
8.339,2.84462,-6.18979,171.11859,-3.2522,3.35269,0.59298,171.25413
8.3597,3.07185,-6.1444,171.26515,-3.25709,3.35343,0.59288,171.40287
8.3815,2.88725,-6.43806,171.39229,-3.26411,3.34968,0.59303,171.53746
8.4022,2.96129,-6.36835,171.07672,-3.26361,3.34897,0.59766,171.22082
8.4228,2.94679,-6.23153,171.04428,-3.25435,3.34463,0.59542,171.18312
8.4486,2.98757,-6.17518,171.17604,-3.24739,3.35099,0.59036,171.31344
8.4691,2.90558,-6.06204,171.26933,-3.24999,3.35574,0.59102,171.40121
8.4902,3.00753,-5.72215,171.50183,-3.25582,3.35118,0.58487,171.62362
8.5115,2.99768,-6.2424,171.00401,-3.25728,3.35336,0.59153,171.14417
8.5323,3.06774,-6.1472,171.30376,-3.24939,3.35039,0.59054,171.44147
8.5532,2.99835,-6.40417,171.26071,-3.25669,3.34802,0.59558,171.40664
8.5741,3.08783,-6.09881,171.2782,-3.24683,3.35504,0.593,171.41456
8.596,3.05825,-6.12825,171.29277,-3.24628,3.36397,0.5937,171.42964
8.6166,3.05395,-6.11755,171.21873,-3.24973,3.35947,0.59379,171.3552
8.642,3.11625,-6.19393,171.25644,-3.25201,3.36158,0.59539,171.39674
8.6626,3.04044,-6.31628,171.30949,-3.25448,3.35913,0.59752,171.45286
8.6832,2.86611,-6.37366,171.12567,-3.24949,3.34757,0.5955,171.26831
8.7055,2.98179,-6.52825,171.16968,-3.25472,3.35368,0.59802,171.32007
8.7267,3.07635,-6.17765,171.23439,-3.25604,3.35379,0.59278,171.3734
8.7478,3.00787,-6.1336,171.28217,-3.25591,3.34937,0.5921,171.41834
8.7684,3.0924,-6.45403,171.22215,-3.25959,3.34782,0.60142,171.37165
8.7893,3.05167,-6.23804,171.01158,-3.25803,3.34868,0.59604,171.15252
8.8109,3.13071,-6.12569,171.28127,-3.24596,3.3492,0.58933,171.41936
8.8348,3.1717,-6.05247,171.2114,-3.25021,3.35544,0.59351,171.3477
8.8557,2.92661,-5.93282,171.36508,-3.24924,3.35526,0.58815,171.49272
8.8762,2.93121,-6.05112,171.18774,-3.25324,3.35409,0.58814,171.31974
8.8968,3.10123,-5.90891,171.2634,-3.24535,3.35244,0.59135,171.39336
8.9176,2.91392,-6.12917,171.41229,-3.25234,3.34786,0.58662,171.54659
8.9382,2.99535,-6.13649,171.22809,-3.24893,3.35533,0.59431,171.36419
8.9597,3.10591,-6.39415,171.15436,-3.25187,3.34886,0.60073,171.30191
8.981,2.96212,-6.1445,171.19154,-3.25212,3.34879,0.59134,171.32739
9.0088,2.91958,-6.32738,171.10101,-3.25369,3.34923,0.59699,171.24286
9.0292,3.05216,-6.09704,171.25713,-3.24749,3.35279,0.59476,171.3928
9.051,3.02405,-6.26252,171.08505,-3.25546,3.34817,0.59452,171.22634
9.0717,3.02087,-6.13344,171.53313,-3.25318,3.36051,0.59475,171.66933
9.0926,2.92112,-6.22975,171.4408,-3.25211,3.35301,0.60003,171.57881
9.1148,2.93541,-6.31354,171.35713,-3.25896,3.35015,0.59308,171.49852
9.1354,2.88489,-6.29903,171.04944,-3.26061,3.35439,0.58986,171.18969
9.1624,3.01817,-6.16763,171.33121,-3.25761,3.34502,0.58888,171.46875
9.1828,3.11417,-6.46283,170.96344,-3.25135,3.34645,0.59489,171.11389
9.2035,3.05808,-6.20775,171.38217,-3.2588,3.35381,0.59328,171.52183
9.2246,3.00326,-6.20206,171.21136,-3.25549,3.34901,0.59383,171.34998
9.2456,2.89546,-6.22266,171.03291,-3.25441,3.34979,0.58872,171.17057
9.2663,2.91513,-6.14845,171.46303,-3.24746,3.35515,0.59326,171.59799
9.2877,2.97254,-6.15365,170.89552,-3.24397,3.35362,0.59273,171.03211
9.3146,2.81246,-6.18571,171.50456,-3.25144,3.35972,0.589,171.63912
9.3351,2.99,-6.23428,170.92789,-3.25581,3.34667,0.59574,171.06767
9.3561,2.92277,-6.20636,171.31015,-3.24984,3.35245,0.59294,171.44745
9.3773,2.95293,-6.26295,171.5363,-3.25043,3.3504,0.5932,171.67599
9.398,3.0197,-6.22548,171.20749,-3.25397,3.35317,0.59178,171.34725
9.4193,3.01928,-6.30935,171.23657,-3.25647,3.34722,0.59606,171.37937
9.4401,3.01049,-6.52933,171.18585,-3.25958,3.34414,0.59766,171.33678
9.4615,2.89291,-6.28238,171.17009,-3.25584,3.35455,0.59226,171.30977
9.482,3.0142,-6.18903,171.10422,-3.25167,3.34946,0.5896,171.24264
9.5071,3.11924,-6.2682,171.14876,-3.25331,3.35169,0.59745,171.29191
9.5293,2.90619,-6.61372,171.16451,-3.25174,3.35149,0.5974,171.31689
9.5502,3.01787,-6.37125,171.12491,-3.25571,3.34807,0.597,171.27006
9.5716,2.99145,-6.22696,171.1786,-3.27241,3.34964,0.59518,171.31795
9.593,3.00043,-6.2852,170.97615,-3.25805,3.34614,0.59256,171.11794
9.614,3.15969,-6.11852,171.15305,-3.25974,3.35224,0.58913,171.29152
9.6345,2.96698,-6.09472,171.32994,-3.25037,3.34636,0.58952,171.46398
9.6593,3.17724,-6.03615,171.10341,-3.25089,3.35022,0.59072,171.23933
9.68,3.09545,-6.27999,170.90775,-3.25253,3.35467,0.59669,171.0511
9.7031,2.83884,-6.26829,171.27234,-3.25275,3.34522,0.59298,171.41051
9.7246,3.01768,-6.14364,170.96252,-3.2565,3.3457,0.58877,171.09949
9.746,2.98083,-6.09693,170.96649,-3.25178,3.35359,0.59113,171.10114
9.7724,2.89627,-6.24424,171.19742,-3.25622,3.35379,0.59065,171.33574
9.7934,3.06683,-6.34647,171.24577,-3.25112,3.35459,0.59358,171.39078
9.814,3.03633,-6.00315,171.19797,-3.2529,3.35023,0.59106,171.33009
9.8353,3.08783,-5.97594,171.05898,-3.24584,3.3486,0.58895,171.19118
9.8561,3.0418,-6.09724,171.12361,-3.25271,3.35489,0.59668,171.25922
9.8767,2.98154,-5.89014,171.4641,-3.24131,3.3587,0.59118,171.59114
9.8978,3.14352,-6.422,171.03633,-3.25125,3.34459,0.6002,171.18572
9.919,3.01166,-6.00765,171.18037,-3.25375,3.35495,0.592,171.31224
9.9397,2.91784,-6.11412,171.27168,-3.25214,3.34911,0.58903,171.40562
9.9647,3.24455,-6.36292,171.06819,-3.25426,3.3411,0.5974,171.21723
9.9853,2.9603,-6.25764,171.42567,-3.26244,3.35584,0.59436,171.56539
10.0071,2.94787,-6.2232,171.17735,-3.24906,3.35229,0.59338,171.3158
10.0279,2.96635,-6.18941,171.19987,-3.2579,3.34674,0.59166,171.3374
10.0486,2.97715,-6.15571,171.07071,-3.24983,3.35301,0.58866,171.20731
10.0697,2.90656,-6.20546,171.127,-3.25566,3.34994,0.58826,171.26414
10.0904,2.97697,-5.94356,171.25371,-3.24665,3.34974,0.58855,171.38267
10.111,2.9854,-6.35853,171.34721,-3.25395,3.35446,0.59651,171.49114
10.1333,3.04862,-6.28061,171.14461,-3.25518,3.34401,0.59357,171.28694
10.154,2.92254,-6.19978,171.08499,-3.25259,3.34986,0.5898,171.22223
10.1806,3.03759,-6.2369,171.47946,-3.24767,3.3458,0.59151,171.61973
10.2011,3.08176,-6.12243,171.12743,-3.25198,3.34952,0.59024,171.26464
10.222,2.92967,-6.30842,171.19092,-3.25195,3.34754,0.59736,171.33216
10.2432,3.11509,-6.01835,171.23676,-3.25747,3.35239,0.58893,171.3708
10.2641,3.14276,-6.10332,171.07822,-3.24922,3.34621,0.59162,171.2159
10.2846,3.1224,-6.35972,170.9248,-3.25067,3.34237,0.59988,171.07158
10.3058,2.968,-6.06298,171.15924,-3.25233,3.35387,0.59183,171.29231
10.3278,2.84504,-6.00695,171.19481,-3.23977,3.35459,0.59125,171.32379
10.3487,3.05112,-6.08282,171.09676,-3.25912,3.3481,0.59661,171.23204
10.3744,3.12114,-6.33023,171.05571,-3.25518,3.34889,0.59855,171.20125
10.3958,2.90464,-6.0973,171.28716,-3.24729,3.35109,0.59303,171.42025
10.4165,3.05242,-6.24835,171.09627,-3.24909,3.34713,0.59407,171.23753
10.4391,3.1848,-6.15677,171.07742,-3.2532,3.34945,0.59174,171.2178
10.4618,2.99825,-6.44844,171.23238,-3.25921,3.35053,0.59335,171.37998
10.4846,2.98302,-6.29765,171.0988,-3.25815,3.34947,0.59216,171.24064
10.5063,3.02445,-6.29251,170.90025,-3.26056,3.34669,0.59462,171.0428
10.5273,3.06218,-6.03941,171.34995,-3.25277,3.34552,0.59082,171.48369
10.5487,2.88846,-6.28056,171.37978,-3.25682,3.35399,0.59246,171.51914
10.5694,2.97473,-6.39331,171.21394,-3.25425,3.35292,0.59688,171.35909
10.5911,3.0575,-6.41884,170.94438,-3.24678,3.344,0.59848,171.09217
10.6181,3.08703,-6.21154,171.3147,-3.25993,3.34548,0.59124,171.45506
10.6388,3.28199,-6.16381,170.99846,-3.25447,3.34771,0.59707,171.14099
10.6598,3.08199,-6.26269,171.21785,-3.25058,3.35027,0.59494,171.36007
10.6804,2.97092,-5.80676,171.21347,-3.23882,3.35656,0.58852,171.33767
10.7016,3.10008,-6.34507,171.0383,-3.25544,3.34601,0.5968,171.18402
10.7222,3.06006,-6.0683,171.03853,-3.24697,3.34261,0.58823,171.1735
10.744,3.12447,-6.01936,171.09367,-3.25345,3.34678,0.59466,171.22804
10.7647,2.99364,-6.00288,171.22603,-3.24823,3.34725,0.59107,171.35737
10.7905,2.94507,-6.2764,171.21854,-3.26187,3.34726,0.59337,171.35885
10.8111,3.03818,-6.12252,170.96979,-3.25861,3.35317,0.5973,171.10635
10.8319,3.12877,-6.24599,171.12692,-3.2537,3.35279,0.59106,171.26945
10.8527,3.00123,-5.93207,171.05103,-3.24626,3.34842,0.59411,171.18017
10.8735,3.07472,-6.11381,171.02841,-3.2529,3.35116,0.59219,171.16527
10.8951,3.1757,-6.30434,171.02127,-3.24804,3.34011,0.59566,171.16689
10.9164,2.90547,-6.55735,171.34247,-3.26296,3.35285,0.59801,171.49251
10.9439,3.06811,-6.22903,170.87271,-3.25498,3.34532,0.59449,171.01373
10.9646,2.98689,-6.1051,171.2588,-3.25338,3.34948,0.58923,171.39362
10.9861,3.14209,-6.09924,170.81018,-3.25549,3.34279,0.59295,170.94792
11.0068,3.0136,-6.48611,170.97771,-3.2556,3.351,0.59558,171.12723
11.0274,3.05916,-6.0275,171.07469,-3.25406,3.34484,0.59075,171.20818
11.0498,3.04173,-6.35406,170.96581,-3.2527,3.34855,0.59585,171.11088
11.0749,3.03963,-6.23267,170.91869,-3.25426,3.34471,0.59391,171.0593
11.0972,2.86611,-6.33874,171.09184,-3.25535,3.34851,0.59212,171.23321
11.1178,2.94603,-6.19798,170.91013,-3.24937,3.35038,0.59128,171.04784
11.1385,3.09113,-6.08418,171.34439,-3.25235,3.34741,0.59317,171.48024
11.1598,3.10101,-5.98113,171.12573,-3.25005,3.34788,0.59181,171.2583
11.1805,2.97335,-6.29827,171.03697,-3.25034,3.34999,0.59306,171.17872
11.2018,3.04517,-6.1479,171.0817,-3.24812,3.34928,0.59594,171.21921
11.2257,2.88441,-5.96626,171.10355,-3.252,3.34951,0.58408,171.23183
11.2503,3.00116,-6.14039,171.24252,-3.24936,3.35346,0.5945,171.37886
11.271,3.11603,-5.88608,171.13921,-3.24296,3.35323,0.59161,171.26875
11.2917,2.92598,-6.32113,171.07709,-3.25362,3.34519,0.5922,171.21883
11.3135,2.96346,-6.10126,171.10167,-3.25043,3.34831,0.59182,171.23606
11.3342,3.00442,-6.28448,171.24774,-3.25182,3.35411,0.59458,171.38935
11.3553,3.03719,-6.19879,171.19357,-3.26092,3.34872,0.59315,171.33269
11.3778,2.89865,-6.34221,171.21286,-3.25225,3.3485,0.59583,171.35481
11.404,3.20253,-6.20954,170.90953,-3.24986,3.34685,0.59588,171.05228
11.4246,3.12842,-6.24133,171.06847,-3.25658,3.34358,0.59199,171.21087
11.4463,2.92638,-6.52883,171.11134,-3.26285,3.34002,0.59829,171.26086
11.4669,2.96107,-6.12795,170.99921,-3.24608,3.3545,0.5913,171.13459
11.4879,2.93872,-6.08708,171.24602,-3.24635,3.35287,0.58945,171.37937
11.509,2.98907,-5.78523,171.13115,-3.23717,3.35102,0.58572,171.255
11.5314,3.00024,-6.0937,171.08308,-3.24949,3.35266,0.58844,171.21786
11.5544,2.9902,-6.08345,171.05232,-3.24955,3.35112,0.59033,171.18658
11.5757,3.10754,-6.11793,170.99301,-3.25612,3.34652,0.59373,171.13064
11.5966,3.0042,-6.4431,171.24815,-3.25984,3.34955,0.59757,171.39565
11.6179,2.95921,-6.3168,171.37454,-3.25877,3.35176,0.59482,171.51645
11.6384,3.1208,-6.30916,171.24783,-3.2589,3.34502,0.59489,171.39243
11.6599,3.01955,-6.36251,171.20573,-3.25386,3.35158,0.5956,171.35053
11.6838,3.14824,-6.05956,171.12857,-3.24908,3.34873,0.59034,171.26476
11.7077,2.89806,-6.23488,171.21066,-3.25274,3.35106,0.59504,171.34866
11.7284,2.97734,-6.24427,171.07855,-3.25173,3.3527,0.59097,171.21836
11.749,2.9974,-6.48737,171.10173,-3.24966,3.34999,0.59743,171.25091
11.7696,2.99596,-5.97224,171.19571,-3.25027,3.3473,0.58971,171.32605
11.7913,2.96281,-6.18178,171.23526,-3.25106,3.35083,0.59443,171.37242
11.8131,2.91739,-6.05813,171.26456,-3.25082,3.35896,0.5909,171.3965
11.8359,3.20012,-6.16489,171.38869,-3.25425,3.34555,0.59005,171.52938
11.8605,3.16061,-6.27048,171.14993,-3.25609,3.34854,0.59255,171.29392
11.8817,2.97872,-6.26926,171.19035,-3.25554,3.34393,0.59341,171.33101
11.9026,3.00336,-6.02277,171.1142,-3.25179,3.34983,0.59356,171.2465
11.9232,2.95869,-6.17818,171.12985,-3.25117,3.34696,0.5899,171.2669
11.9441,2.97965,-6.00398,171.23276,-3.25909,3.34864,0.58749,171.36389
11.9666,3.26595,-5.95953,170.96568,-3.24635,3.35153,0.59015,171.10069
11.9894,2.74052,-6.24994,171.16467,-3.24752,3.35461,0.58604,171.30066
12.0154,3.00956,-5.80191,171.34799,-3.24203,3.35212,0.58751,171.4726
12.0402,2.96821,-6.33884,171.23779,-3.26302,3.3509,0.59176,171.38078
12.0644,2.98901,-6.4567,171.2765,-3.26252,3.34701,0.59545,171.42422
12.0849,2.96549,-6.3359,171.06847,-3.25679,3.34954,0.59415,171.21144
12.1059,3.1683,-6.05647,171.29883,-3.25191,3.35322,0.59131,171.43514
12.1273,2.94661,-6.03833,171.5199,-3.25689,3.35486,0.58694,171.65145
12.1479,2.96843,-6.58864,171.24745,-3.2615,3.35295,0.59544,171.39986
12.1694,3.04193,-6.21353,170.89771,-3.25531,3.35256,0.59174,171.03768
12.1904,2.92477,-6.54316,171.21283,-3.25228,3.34701,0.60039,171.36277
12.218,3.00642,-6.2379,171.20029,-3.25441,3.34804,0.59449,171.34027
12.2387,3.0866,-6.40705,170.89806,-3.2642,3.34607,0.59411,171.04597
12.2598,3.15995,-5.99572,171.0448,-3.25711,3.34091,0.59258,171.17902
12.2805,3.05725,-6.29132,171.11127,-3.25315,3.34841,0.59823,171.25418
12.3012,2.9478,-6.12267,171.28664,-3.2549,3.35003,0.59031,171.42138
12.3218,2.95656,-6.63565,171.10202,-3.25133,3.34946,0.59931,171.25617
12.3433,3.13059,-6.52291,170.96736,-3.2608,3.34583,0.59772,171.12039
12.3643,3.11008,-6.11612,171.22961,-3.25023,3.34829,0.5948,171.36703
12.3848,3.13467,-6.09919,171.00468,-3.25409,3.34665,0.59257,171.14213
12.4054,2.92255,-6.26217,171.33975,-3.24926,3.35441,0.59195,171.47906
12.4282,3.02212,-6.06176,171.33081,-3.25074,3.34603,0.5899,171.46465
12.4513,2.91343,-6.0838,171.11827,-3.25735,3.3547,0.58917,171.25117
12.4723,3.0646,-6.24532,171.19868,-3.25624,3.34652,0.59753,171.33997
12.4933,3.05231,-6.24855,171.12244,-3.25752,3.3473,0.59325,171.26368
12.5144,3.10725,-6.26801,171.10995,-3.24982,3.35007,0.59446,171.25291
12.5357,2.99777,-6.27812,171.23796,-3.25608,3.35151,0.59321,171.37923
12.5565,3.06092,-6.3534,170.94838,-3.25392,3.34569,0.59854,171.09379
12.5789,2.912,-6.21925,171.42656,-3.25539,3.35222,0.5982,171.56405
12.6047,3.01761,-6.09082,171.16168,-3.24527,3.35493,0.58933,171.2966
12.6255,3.17107,-6.13739,171.0119,-3.25531,3.3393,0.58994,171.15138
12.6461,2.94491,-6.16745,171.26123,-3.25255,3.34884,0.58775,171.39755
12.6671,3.05006,-6.58529,170.87485,-3.25507,3.34697,0.60413,171.02889
12.6883,2.87445,-6.33281,171.2644,-3.25928,3.3488,0.59662,171.40555
12.7092,3.02092,-6.08404,171.09601,-3.25857,3.3535,0.59079,171.2308
12.7303,2.92147,-6.16442,171.21744,-3.25739,3.3505,0.58866,171.35328
12.7565,3.08778,-6.18732,171.09059,-3.24437,3.3489,0.59328,171.23028
12.7771,3.0163,-6.07956,171.17369,-3.24646,3.35957,0.59479,171.30818
12.7977,2.93577,-6.16304,171.01567,-3.25036,3.3509,0.59327,171.15187
12.8184,2.7356,-6.49601,171.2814,-3.25794,3.35327,0.5984,171.42637
12.8389,3.02159,-6.06163,170.86026,-3.25222,3.34831,0.59411,170.99445
12.8595,3.01079,-6.41661,171.04617,-3.2616,3.34376,0.59376,171.19296
12.8807,2.99029,-6.099,171.03925,-3.25559,3.34616,0.59252,171.17407
12.9012,3.0139,-6.19824,171.34586,-3.24882,3.35405,0.59285,171.48441
12.9224,3.06668,-6.13939,171.29012,-3.25912,3.35348,0.59062,171.42754
12.943,3.02379,-6.15789,171.07468,-3.25285,3.3447,0.59432,171.21217
12.9639,2.97272,-6.14631,171.36345,-3.24673,3.3514,0.5879,171.4994
12.9847,3.03522,-6.12475,171.14755,-3.25399,3.35546,0.59114,171.284
13.0059,3.06249,-6.12871,171.17575,-3.24549,3.34909,0.5907,171.31281
13.033,3.02291,-6.34859,171.29323,-3.25076,3.34948,0.59936,171.43749
13.0535,3.05614,-6.1357,171.2787,-3.2527,3.355,0.59707,171.41581
13.0745,3.11046,-6.34611,171.15712,-3.2557,3.34262,0.59771,171.30297
13.0957,3.04142,-6.1435,171.10326,-3.24735,3.35099,0.59572,171.24052
13.1164,3.21213,-6.13028,171.05734,-3.25009,3.3517,0.59589,171.19729
13.1378,3.02876,-6.23115,171.09019,-3.25255,3.35045,0.59409,171.23042
13.1589,3.01649,-6.17305,171.21622,-3.25007,3.3513,0.59519,171.35402
13.1858,2.93704,-6.0552,171.24785,-3.24611,3.3536,0.5932,171.38004
13.2063,3.06416,-6.11714,170.96432,-3.24919,3.3471,0.5918,171.10117
13.2269,2.95956,-5.96976,171.07545,-3.24529,3.35335,0.58667,171.20516
13.2482,3.02022,-6.05726,171.25298,-3.25949,3.34999,0.58924,171.38668
13.2693,3.01958,-6.20251,171.11583,-3.24923,3.35045,0.59282,171.25483
13.2907,3.13066,-6.24528,170.90991,-3.25672,3.34549,0.59548,171.05263
13.3174,3.05605,-6.19701,171.31448,-3.25338,3.34553,0.59513,171.45377
13.3386,2.91846,-6.05828,171.30505,-3.2437,3.35373,0.59051,171.43699
13.3592,3.02438,-6.47264,170.95024,-3.25591,3.35064,0.59609,171.09946
13.3803,3.0675,-6.12511,170.9621,-3.25308,3.33681,0.59597,171.09928
13.401,2.92449,-6.18465,171.35431,-3.25429,3.35546,0.59174,171.49082
13.4225,2.90932,-6.1243,171.24121,-3.25683,3.35698,0.58988,171.37539
13.444,3.16131,-6.08566,170.98833,-3.25434,3.34026,0.5955,171.12579
13.471,3.04003,-6.17943,170.99373,-3.25313,3.34697,0.59298,171.13235
13.492,3.03558,-6.4697,171.33023,-3.25949,3.34981,0.5984,171.47921
13.5125,3.09279,-6.11784,171.1133,-3.25656,3.34617,0.59072,171.25056
13.5337,3.00075,-6.19622,171.14307,-3.25577,3.34667,0.59435,171.28148
13.5544,3.09943,-6.33302,171.25809,-3.2561,3.35206,0.59996,171.40317
13.5765,3.13462,-5.94079,171.00099,-3.24178,3.35014,0.58791,171.13287
13.5978,3.19484,-6.2945,170.82196,-3.2529,3.3424,0.59547,170.96775
13.6196,3.11846,-5.95639,171.22798,-3.24517,3.35147,0.58986,171.35993
13.6438,2.91169,-6.26791,171.16638,-3.24871,3.34926,0.5951,171.30585
13.6643,3.03624,-6.30817,170.94061,-3.2639,3.34235,0.59326,171.08391
13.6849,2.8415,-6.22731,171.4608,-3.2513,3.35833,0.59424,171.59738
13.706,3.04019,-6.07521,171.04959,-3.24406,3.35321,0.59053,171.18444
13.7273,3.04144,-6.5391,171.02948,-3.25314,3.34997,0.59775,171.18146
13.7491,3.08158,-6.48369,171.19194,-3.25616,3.34895,0.59837,171.34239
13.7702,3.01763,-6.04225,171.10667,-3.25273,3.35159,0.59148,171.23992
13.7972,3.19622,-6.07692,171.20799,-3.24933,3.34563,0.59466,171.34562
13.818,3.0278,-6.21769,171.1396,-3.25699,3.34693,0.59216,171.27928
13.8392,2.9434,-6.26509,171.13016,-3.25014,3.35525,0.59386,171.2701
13.8605,2.9817,-6.20084,170.82921,-3.24946,3.35086,0.58942,170.96771
13.8813,3.07667,-5.9801,171.14737,-3.24388,3.35421,0.58941,171.27945
13.9024,3.07411,-6.14541,171.28145,-3.25918,3.34666,0.59305,171.41923
13.9258,2.84584,-6.04935,171.22507,-3.2488,3.35385,0.59087,171.35553
13.9503,3.17873,-6.00129,171.07008,-3.25025,3.35074,0.59066,171.20483
13.9717,3.05123,-6.12247,171.23761,-3.25312,3.35051,0.59227,171.37419
13.9922,2.914,-6.03719,171.33612,-3.2537,3.34723,0.59034,171.46721
14.0141,2.90719,-6.34134,171.02754,-3.2508,3.34668,0.59299,171.16975
14.0347,3.21217,-6.21514,171.26826,-3.25703,3.34733,0.59911,171.4111
14.056,2.99122,-6.36556,171.32455,-3.26053,3.34862,0.5931,171.46886
14.0781,2.96885,-6.42919,171.17828,-3.25199,3.35356,0.5933,171.3247
14.1022,2.98492,-6.19358,170.94653,-3.2571,3.3517,0.58897,171.08474
14.1228,2.83268,-6.18025,171.20752,-3.24998,3.35129,0.59229,171.34245
14.1438,3.05007,-6.06279,171.00429,-3.25234,3.3483,0.59092,171.13891
14.1652,3.05806,-6.3226,171.16321,-3.25937,3.34547,0.59582,171.30724
14.1858,3.02038,-6.19981,170.88499,-3.25304,3.3493,0.59167,171.0241
14.2073,2.93258,-6.16464,171.05853,-3.25135,3.3509,0.59255,171.1947
14.2288,2.91801,-6.20804,171.34259,-3.26041,3.35121,0.59427,171.47985
14.2551,2.9134,-6.00974,171.2048,-3.24655,3.35596,0.59053,171.33502
14.2758,3.06508,-6.45694,170.937,-3.26616,3.34731,0.59325,171.08636
14.2965,3.05217,-6.21401,171.11853,-3.25116,3.3429,0.59507,171.25852
14.3171,2.987,-6.11068,171.12448,-3.25405,3.34827,0.59107,171.2596
14.3381,3.11713,-6.12879,170.84839,-3.25324,3.35114,0.58757,170.9867
14.3603,3.04488,-6.45932,171.14705,-3.25481,3.3498,0.59755,171.29596
14.3816,2.98753,-6.07475,171.13844,-3.25073,3.35071,0.59148,171.27228
14.4055,3.01196,-5.84044,171.05048,-3.24753,3.34238,0.58655,171.17666
14.4262,3.12799,-6.15142,171.28635,-3.25005,3.34822,0.5933,171.42531
14.4486,3.12117,-6.39975,171.15437,-3.25927,3.34757,0.59414,171.30242
14.4692,3.00307,-6.15741,171.28648,-3.25069,3.349,0.59577,171.42343
14.4914,2.9594,-6.19907,171.09586,-3.25434,3.35402,0.5954,171.2337
14.513,3.11926,-6.37814,170.86467,-3.25103,3.34884,0.59475,171.01212
14.5407,3.11115,-6.31715,171.12444,-3.25385,3.34722,0.59038,171.26926
14.5618,2.88533,-6.44108,171.07419,-3.26082,3.3467,0.59184,171.21971
14.5823,3.06865,-6.06637,171.12863,-3.25272,3.35393,0.5905,171.26362
14.6033,2.93122,-6.3,171.42159,-3.2491,3.35245,0.59361,171.56236
14.6246,3.03493,-6.20624,171.00177,-3.25383,3.34991,0.59407,171.14127
14.6454,3.15433,-6.49166,171.01875,-3.2576,3.34539,0.59789,171.17098
14.6672,3.07337,-6.03346,171.10432,-3.25073,3.34924,0.59207,171.23825
14.691,3.04237,-6.02884,171.01103,-3.25351,3.34866,0.59072,171.14431
14.716,3.01084,-5.86801,171.26389,-3.24938,3.35258,0.59184,171.39083
14.7372,2.93339,-5.9924,171.13965,-3.2548,3.35219,0.58897,171.26965
14.7588,3.19175,-6.47893,171.10905,-3.26773,3.34642,0.6007,171.26142
14.7794,3.04635,-6.00864,171.04472,-3.25473,3.34632,0.58933,171.17734
14.8012,2.94209,-6.30222,171.07443,-3.26075,3.35207,0.59577,171.21576
14.8248,2.96744,-6.13759,171.39388,-3.24913,3.35472,0.59054,171.5294
14.8472,2.95883,-5.77715,171.31824,-3.24476,3.35179,0.58042,171.44115
14.8684,2.9612,-6.16445,171.00716,-3.25738,3.34273,0.59424,171.14385
14.89,3.09197,-6.08372,170.91063,-3.24877,3.34896,0.59257,171.04682
14.9145,2.9567,-6.43578,170.95505,-3.25762,3.35086,0.60151,171.10169
14.936,3.02668,-6.29318,171.21471,-3.25174,3.35105,0.59076,171.35706
14.9571,2.9891,-6.24431,171.07846,-3.25867,3.34781,0.59471,171.21847
14.9779,2.89918,-6.35476,171.49712,-3.2578,3.35376,0.59227,171.6393
14.9986,3.01498,-6.12264,171.10196,-3.24938,3.35234,0.59051,171.23801
15.02,3.04124,-5.97399,171.10126,-3.25144,3.36255,0.59361,171.23253
15.0433,3.09213,-5.60866,171.16751,-3.27017,3.35613,0.58838,171.28729
15.0726,3.03178,-5.52444,171.33875,-3.28709,3.3378,0.59244,171.45459
15.0965,2.93222,-6.69798,171.15572,-3.21706,3.33588,0.58924,171.31182
15.1207,3.00805,-6.37096,171.0338,-3.25649,3.3532,0.59404,171.17885
15.1413,3.1139,-5.52095,171.21797,-3.26293,3.36254,0.58913,171.33526
15.162,2.60095,-5.99837,171.67763,-3.27309,3.34276,0.59114,171.80208
15.1828,2.84999,-6.38157,171.00484,-3.24575,3.34471,0.59094,171.1476
15.2034,3.21197,-6.21665,170.90433,-3.25934,3.36259,0.58915,171.04752
15.2246,2.9446,-6.18521,171.17319,-3.25948,3.34827,0.59116,171.31021
15.2451,2.83534,-6.62161,170.89285,-3.2407,3.3445,0.5899,171.04459
15.2672,3.24015,-6.21335,170.76277,-3.27662,3.35306,0.59781,170.90649
15.288,3.00096,-5.9414,171.31779,-3.27774,3.34597,0.59141,171.44706
15.3086,3.20817,-6.48733,171.13136,-3.23973,3.3422,0.59424,171.28433
15.3304,3.10481,-6.51956,171.08147,-3.23227,3.35702,0.58926,171.2338
15.3521,3.19866,-5.99347,171.22697,-3.25073,3.35685,0.59164,171.36169
15.3754,2.96532,-6.04096,171.27924,-3.27019,3.35233,0.59185,171.41139
15.3964,2.90474,-6.2928,171.0713,-3.24287,3.35077,0.59611,171.21165
15.4175,2.99172,-6.28088,171.04744,-3.24908,3.34738,0.59523,171.18886
15.4383,3.16613,-6.12017,171.23941,-3.23705,3.35634,0.59585,171.37799
15.4589,2.96097,-6.04966,171.14857,-3.24191,3.35228,0.58746,171.28106
15.4798,3.07607,-6.0781,171.04459,-3.25875,3.35312,0.59163,171.18019
15.5014,2.8286,-5.74099,171.40724,-3.26042,3.35925,0.5902,171.52668
15.5242,2.97007,-6.27116,170.97614,-3.24761,3.34866,0.59809,171.11688
15.5459,2.75454,-6.50997,170.9525,-3.24484,3.35406,0.58834,171.09858
15.5681,2.8493,-6.7219,171.3062,-3.26754,3.3481,0.59768,171.4617
15.589,3.01134,-6.0721,171.05612,-3.27007,3.35812,0.58765,171.19035
15.6098,2.91538,-6.35576,171.23024,-3.25956,3.35822,0.59936,171.37296
15.6312,2.91689,-6.37942,171.41129,-3.25844,3.34474,0.59768,171.55475
15.6544,3.20315,-6.0532,171.1317,-3.25537,3.34024,0.59387,171.26868
15.6824,3.03836,-6.54285,171.21751,-3.24539,3.35561,0.59356,171.36942
15.7037,2.87503,-6.23984,171.26544,-3.26753,3.35499,0.59349,171.40319
15.7253,3.09679,-5.94051,171.13631,-3.27154,3.34425,0.59545,171.26738
15.7459,2.93478,-6.30598,171.01721,-3.24958,3.35436,0.59443,171.1586
15.7666,2.96431,-6.66865,171.10185,-3.24253,3.34985,0.59272,171.25741
15.788,3.08254,-6.2851,171.23476,-3.25459,3.35008,0.58984,171.37779
15.809,2.96331,-6.18422,171.01654,-3.266,3.34973,0.59383,171.15397
15.8336,3.14341,-5.83992,171.50468,-3.27051,3.37186,0.58965,171.63287
15.8544,3.14276,-5.86826,171.29939,-3.27516,3.38004,0.58809,171.42869
15.8752,3.00093,-5.87528,171.40483,-3.27619,3.38362,0.58356,171.53175
15.8963,2.95933,-6.08124,171.43472,-3.27825,3.37527,0.58747,171.56807
15.917,3.24845,-5.94995,171.32732,-3.29142,3.38553,0.59034,171.46138
15.9393,3.25804,-5.66653,171.11899,-3.3054,3.39778,0.59122,171.24378
15.961,3.08121,-5.86276,171.33177,-3.29157,3.3906,0.58989,171.45974
15.9862,3.15738,-5.86404,171.15985,-3.27878,3.37873,0.58446,171.28938
16.0068,2.98723,-6.06455,171.22784,-3.29182,3.37317,0.58241,171.36125
16.0273,3.138,-5.87006,171.50229,-3.2898,3.38067,0.58468,171.63141
16.0483,3.0664,-6.25563,171.11678,-3.29081,3.38014,0.59173,171.25854
16.0694,3.02489,-5.75775,171.25938,-3.29613,3.36184,0.57804,171.38284
16.0902,2.91882,-5.91891,171.22458,-3.2921,3.36832,0.58192,171.35171
16.1117,2.98758,-5.95885,171.32272,-3.28151,3.37287,0.57545,171.45235
16.1325,2.94782,-6.0175,171.23114,-3.28503,3.37321,0.57913,171.3622
16.1561,3.03026,-5.59419,171.74811,-3.2979,3.36874,0.57605,171.86591
16.1772,2.83442,-5.97785,171.51498,-3.2917,3.3566,0.57627,171.64253
16.1989,2.84937,-5.87642,171.32495,-3.27574,3.36004,0.57695,171.44938
16.2195,3.01976,-5.86127,171.15482,-3.27481,3.37148,0.57729,171.28177
16.2404,3.19664,-5.78003,171.11288,-3.27606,3.36859,0.58023,171.24032
16.2609,3.13609,-6.17917,171.23413,-3.27736,3.36367,0.58856,171.37428
16.2815,3.01187,-5.91981,171.29811,-3.27409,3.35957,0.58241,171.42683
16.3026,2.91698,-5.92429,171.60835,-3.28377,3.34326,0.57629,171.73536
16.3233,2.7877,-6.38512,171.45792,-3.27879,3.35542,0.58052,171.59941
16.3445,3.10206,-6.12196,171.22563,-3.27041,3.34992,0.58289,171.36312
16.3665,2.908,-5.89479,171.51845,-3.26963,3.35138,0.57878,171.64435
16.3927,2.98753,-5.9826,171.48886,-3.27902,3.35427,0.58405,171.61919
16.4135,2.9888,-6.16675,171.35155,-3.27579,3.35261,0.58081,171.48853
16.4348,2.89118,-6.10356,171.06137,-3.27562,3.35,0.58317,171.19464
16.4555,3.02703,-6.14634,171.24068,-3.27394,3.35021,0.58593,171.37768
16.4763,3.02862,-6.06407,170.91299,-3.26193,3.34416,0.5884,171.04735
16.4989,2.86172,-5.96375,171.33441,-3.27381,3.35623,0.57901,171.46206
16.5209,3.05863,-5.97412,171.1886,-3.26397,3.35675,0.58552,171.32011
16.5446,2.82773,-6.31229,171.32826,-3.25728,3.35228,0.5886,171.46782
16.5663,3.10366,-5.87906,171.18825,-3.25053,3.35179,0.59092,171.31729
16.5876,3.10554,-6.22323,171.27348,-3.25546,3.35245,0.59615,171.41464
16.6084,3.07599,-6.22297,171.31781,-3.26255,3.34934,0.59399,171.45839
16.6303,3.21615,-6.09664,171.05692,-3.25339,3.35265,0.58976,171.19574
16.6516,3.17628,-5.99187,171.20195,-3.24703,3.35157,0.58973,171.33622
16.6741,2.95164,-6.17957,171.23294,-3.25381,3.3556,0.59324,171.36983
16.6987,2.95835,-6.35008,171.06786,-3.25415,3.34498,0.59739,171.21123
16.7194,2.89728,-6.20482,171.12593,-3.25094,3.35664,0.59277,171.26289
16.7401,3.11289,-6.14286,171.20618,-3.25813,3.34917,0.59256,171.34462
16.7607,3.12648,-6.48077,171.04613,-3.25748,3.34095,0.59443,171.19741
16.7813,3.13559,-6.17821,171.18404,-3.24572,3.35402,0.59079,171.32419
16.8038,3.26662,-6.16676,171.15889,-3.25863,3.34518,0.59449,171.3011
16.8291,3.10962,-6.3751,171.29288,-3.2616,3.36993,0.59964,171.43967
16.8513,3.09688,-6.35359,171.04373,-3.25774,3.37909,0.60111,171.18971
16.872,3.1744,-6.46943,171.15396,-3.24956,3.38854,0.60144,171.3056
16.8926,3.1717,-6.16917,171.0876,-3.25327,3.38847,0.59805,171.22817
16.9154,3.03895,-5.92299,171.19287,-3.24585,3.37867,0.59468,171.32226
16.9376,3.03795,-6.19728,171.63071,-3.26469,3.35381,0.59011,171.76942
16.9612,2.94702,-6.11159,171.24156,-3.26185,3.34842,0.5897,171.37593
16.9819,3.15297,-5.99087,171.26259,-3.24843,3.35214,0.58911,171.39634
17.0026,3.01989,-6.26015,171.31905,-3.24661,3.34592,0.5944,171.45998
17.024,3.02927,-5.95513,171.3335,-3.25317,3.35126,0.591,171.46372
17.0448,3.01691,-6.31222,170.88264,-3.25716,3.34011,0.59473,171.0258
17.0671,2.99699,-6.14828,171.23332,-3.24474,3.3536,0.59351,171.36987
17.088,2.98438,-6.1212,171.2415,-3.25091,3.3493,0.59245,171.37686
17.1089,3.14693,-6.27971,170.82399,-3.24936,3.34564,0.59672,170.96834
17.1341,3.26439,-6.10942,170.99377,-3.25444,3.35105,0.58952,171.13402
17.1565,3.07089,-6.01726,171.09372,-3.25601,3.34728,0.59513,171.22704
17.1783,2.99291,-6.15956,171.08769,-3.25099,3.36089,0.59212,171.22469
17.2052,3.37791,-6.12652,170.90813,-3.25529,3.38647,0.59404,171.05126
17.2259,3.03395,-6.13703,170.99591,-3.24771,3.34688,0.59186,171.1329
17.2471,2.85429,-6.29308,171.41493,-3.25855,3.35777,0.59349,171.55416
17.2684,3.07539,-6.36448,171.2861,-3.26315,3.36818,0.59797,171.43189
17.2892,2.89468,-5.9353,171.42462,-3.25184,3.36467,0.58603,171.55176
17.3119,2.86809,-6.31378,171.39786,-3.2536,3.36085,0.59647,171.53809
17.336,2.9673,-6.11039,171.31071,-3.25345,3.36615,0.59151,171.44533
17.3584,3.17555,-6.35502,171.17979,-3.2583,3.34796,0.59409,171.32715
17.3788,3.07644,-5.94937,171.20889,-3.24872,3.35014,0.5932,171.33985
17.4003,2.76543,-6.18178,171.28564,-3.2527,3.35111,0.59594,171.41947
17.4216,3.0737,-5.98967,171.01492,-3.25485,3.34637,0.58652,171.14739
17.4423,3.03701,-6.11006,171.14301,-3.25688,3.34488,0.58839,171.27897
17.4629,2.95616,-6.23861,171.34497,-3.25385,3.33985,0.59276,171.48399
17.4842,3.04713,-6.39808,171.08662,-3.26609,3.34713,0.59239,171.23333
17.5052,2.91784,-6.10115,171.08125,-3.24828,3.35139,0.58749,171.21487
17.5259,2.98246,-6.24525,171.12627,-3.25712,3.33977,0.59287,171.26616
17.5465,2.8602,-6.20436,171.31715,-3.25404,3.35702,0.58664,171.45332
17.5718,3.08826,-6.05095,171.22227,-3.24904,3.34677,0.58743,171.35699
17.5925,3.06757,-6.10997,171.09251,-3.25385,3.34444,0.58932,171.22906
17.614,3.13559,-6.15159,170.96317,-3.25393,3.35354,0.59065,171.10254
17.6353,3.05826,-6.35711,171.25835,-3.25958,3.33788,0.59283,171.40358
17.6568,3.02355,-6.07097,170.96387,-3.25184,3.35065,0.59057,171.09834
17.6776,2.98465,-5.93941,171.29364,-3.25397,3.34978,0.59018,171.42257
17.6983,2.94814,-6.14934,170.86287,-3.25459,3.34527,0.59197,170.99891
17.7191,3.07652,-6.18081,171.34311,-3.25003,3.35166,0.59336,171.48215
17.7444,3.09133,-6.28846,171.05719,-3.26242,3.35323,0.5981,171.20065
17.7667,2.92184,-6.10561,171.44774,-3.25121,3.35153,0.59561,171.5813
17.7884,2.88723,-6.57749,171.10007,-3.25914,3.34372,0.59851,171.25079
17.8092,3.086,-6.30601,171.11389,-3.25445,3.34545,0.59484,171.25786
17.8299,2.97643,-6.30116,171.17061,-3.26158,3.35772,0.59212,171.31241
17.8506,3.05126,-5.99463,171.16594,-3.25492,3.35653,0.59144,171.29806
17.8713,3.1117,-5.98351,171.05188,-3.26888,3.36148,0.58918,171.18479
17.8967,3.21175,-5.90263,171.17149,-3.26018,3.37477,0.59738,171.30335
17.9178,3.1652,-6.05757,171.08342,-3.25837,3.37167,0.59077,171.21989
17.9384,3.15956,-5.98442,171.00468,-3.26148,3.36058,0.58994,171.13854
17.9597,2.9431,-6.04081,171.2099,-3.26143,3.36606,0.59024,171.34171
17.9809,3.24321,-5.96551,171.0267,-3.26008,3.38042,0.59243,171.16144
18.0015,3.09306,-5.73156,170.91562,-3.25508,3.37478,0.58802,171.03966
18.0238,3.06367,-6.18838,171.07506,-3.2657,3.36192,0.59213,171.21436
18.0493,3.25223,-5.90707,171.16125,-3.25606,3.3703,0.58451,171.29403
18.0699,3.13484,-5.74491,170.98883,-3.25598,3.38068,0.59227,171.11403
18.0904,3.09398,-5.86458,171.31537,-3.26838,3.38431,0.58965,171.44364
18.1116,3.08095,-5.94756,171.18845,-3.27619,3.39402,0.5888,171.31944
18.1326,3.38807,-6.14603,170.96587,-3.26858,3.39953,0.60035,171.10985
18.1531,3.26276,-6.26491,170.95895,-3.26766,3.40083,0.59995,171.10482
18.1748,3.1424,-5.86071,171.42586,-3.2608,3.40983,0.59138,171.55479
18.1961,3.20282,-6.25411,171.00641,-3.26944,3.40952,0.59766,171.1507
18.222,3.27024,-5.96853,171.2673,-3.27102,3.41161,0.5976,171.40247
18.2434,3.30004,-5.79806,171.27794,-3.26357,3.40838,0.59634,171.40782
18.2646,3.31856,-5.76963,171.12341,-3.26943,3.41151,0.59217,171.25281
18.2858,3.16905,-5.63445,171.10701,-3.26544,3.40223,0.5865,171.22908
18.3065,3.21912,-5.75388,171.56253,-3.2656,3.41026,0.58998,171.68917
18.3284,3.29611,-5.633,171.26486,-3.27175,3.40583,0.58717,171.38917
18.3518,3.27353,-5.88725,171.18593,-3.27858,3.39952,0.59159,171.31841
18.3751,3.15007,-5.79928,170.93887,-3.26915,3.39551,0.58745,171.06622
18.3965,3.41042,-5.78877,170.87894,-3.27103,3.38631,0.59089,171.01097
18.4175,3.25112,-5.60293,171.42854,-3.26108,3.39243,0.58967,171.55089
18.4387,3.08094,-5.94767,171.10973,-3.27195,3.38814,0.58666,171.24078
18.4595,3.21341,-5.90968,171.07288,-3.27637,3.38846,0.58888,171.20508
18.4805,3.21657,-5.8884,171.0372,-3.27964,3.3769,0.58658,171.16876
18.5076,3.00009,-5.96291,171.21513,-3.27488,3.37858,0.58414,171.3452
18.5291,3.13112,-5.72472,171.0845,-3.27072,3.38254,0.58514,171.20889
18.5503,3.34213,-5.55034,171.14919,-3.26911,3.36201,0.58238,171.27177
18.571,3.11552,-5.80411,171.11519,-3.27813,3.35931,0.58514,171.24194
18.5931,2.78092,-6.10605,171.22588,-3.27274,3.35495,0.57699,171.35728
18.6163,2.90902,-5.94462,171.21794,-3.27238,3.34914,0.57877,171.3458
18.6389,2.97854,-5.9139,171.07016,-3.28063,3.36343,0.57528,171.19826
18.6606,2.99219,-6.14674,171.4014,-3.2826,3.36751,0.57882,171.53768
18.6813,2.87804,-6.06075,171.20189,-3.28784,3.37654,0.57919,171.33331
18.7018,3.18563,-6.00842,171.1584,-3.28696,3.36832,0.57862,171.29345
18.723,3.16516,-5.58465,171.44228,-3.27065,3.38669,0.57693,171.56241
18.7443,3.16497,-5.64657,171.16367,-3.27328,3.37389,0.58161,171.28602
18.7651,3.03319,-5.63425,171.36826,-3.28151,3.37975,0.58016,171.48768
18.7872,3.13276,-5.53593,171.37469,-3.27448,3.40776,0.58084,171.4927
18.8133,3.28717,-5.75088,171.2617,-3.27265,3.42575,0.5932,171.38976
18.8343,3.36231,-6.35875,171.08005,-3.28001,3.42162,0.59741,171.23119
18.8549,3.4282,-5.67197,170.91827,-3.26369,3.42129,0.58672,171.04672
18.8759,3.30462,-5.71538,171.22852,-3.26793,3.42975,0.58861,171.35574
18.897,3.37572,-5.46604,171.12444,-3.27126,3.41729,0.58454,171.24499
18.9189,3.09961,-5.74874,171.35698,-3.2792,3.40056,0.58193,171.4814
18.9404,3.25613,-5.82664,171.04713,-3.26996,3.39736,0.58733,171.17732
18.9657,3.15055,-5.76129,171.22525,-3.28352,3.38676,0.57887,171.35112
18.9871,3.11864,-5.97901,170.92552,-3.28737,3.38144,0.58526,171.05849
19.0079,3.21142,-5.74553,170.92836,-3.28202,3.37037,0.58064,171.05505
19.0288,3.06034,-6.08014,171.04417,-3.28059,3.35651,0.58584,171.17956
19.0501,2.86554,-5.7567,171.18471,-3.28061,3.3608,0.57698,171.30544
19.072,3.17118,-5.73174,170.90602,-3.2711,3.35684,0.57785,171.03151
19.0933,3.22394,-6.02936,171.26027,-3.277,3.36443,0.58504,171.39669
19.1155,3.04579,-5.81931,171.13332,-3.28023,3.36964,0.58039,171.25932
19.1399,3.32049,-5.8927,171.22748,-3.28024,3.38176,0.58982,171.36102
19.1607,3.29142,-6.08767,170.67924,-3.26976,3.39207,0.59165,170.81949
19.182,3.19659,-6.31457,171.01805,-3.27201,3.38285,0.59202,171.16444
19.2038,3.26226,-5.93015,171.09552,-3.27709,3.37711,0.58992,171.22934
19.2248,3.17341,-5.98152,171.28143,-3.28055,3.37152,0.58171,171.41522
19.246,3.10121,-5.99066,170.93755,-3.27118,3.38295,0.58604,171.0706
19.2684,3.17436,-5.8936,171.20285,-3.26959,3.39508,0.58494,171.33367
19.2925,3.19916,-5.81855,171.27016,-3.25943,3.39975,0.58438,171.39882
19.3133,3.14634,-5.78347,170.93599,-3.26652,3.39836,0.58309,171.06274
19.3363,3.17873,-6.1737,171.18547,-3.27591,3.39774,0.59083,171.32625
19.3585,3.27391,-6.05784,170.99911,-3.27568,3.40011,0.59462,171.1377
19.3802,3.39026,-5.95011,170.84656,-3.2616,3.41322,0.58832,170.98375
19.4037,3.19755,-6.07207,170.85008,-3.26348,3.41847,0.5915,170.98785
19.4246,3.40844,-5.82581,170.71861,-3.25847,3.42125,0.58931,170.85199
19.4468,3.26446,-5.7746,170.94704,-3.26378,3.41991,0.58962,171.07569
19.4727,3.41058,-5.73999,171.03662,-3.26829,3.42974,0.59308,171.16689
19.4969,3.45768,-5.95808,170.85394,-3.27132,3.42125,0.59378,170.99276
19.5193,3.50975,-5.66097,171.0313,-3.2681,3.41272,0.58882,171.16094
19.5407,3.29074,-5.81693,171.08511,-3.26304,3.44197,0.58689,171.2156
19.5637,3.46633,-5.67481,170.89455,-3.25704,3.44472,0.58788,171.02387
19.5884,3.45814,-5.87443,170.7476,-3.24568,3.44182,0.5975,170.88362
19.6093,3.49574,-6.08601,171.03943,-3.25012,3.4452,0.60288,171.18337
19.6306,3.63382,-5.85806,170.92067,-3.24634,3.4377,0.59682,171.05963
19.6518,3.45807,-5.92153,171.23184,-3.25128,3.41336,0.59762,171.36909
19.6723,3.2375,-5.97549,171.02658,-3.26544,3.41015,0.5937,171.16156
19.6947,3.22477,-6.04342,171.03572,-3.26315,3.41139,0.58967,171.17284
19.7154,3.17466,-5.79393,170.98285,-3.25399,3.41627,0.58848,171.11044
19.7361,3.13807,-5.71999,171.19588,-3.25178,3.42823,0.58995,171.32015
19.7568,3.38604,-5.99155,171.01955,-3.25779,3.42443,0.5948,171.15797
19.7777,3.16068,-5.87519,171.18658,-3.26203,3.42681,0.58871,171.31653
19.7994,3.00283,-6.10493,171.28445,-3.25275,3.43339,0.59483,171.41952
19.8214,3.29245,-5.92366,171.03677,-3.26199,3.41561,0.59074,171.17099
19.843,3.30277,-6.05457,171.25772,-3.26077,3.41319,0.59367,171.39654
19.8659,3.22339,-5.88413,171.39291,-3.25826,3.41216,0.58878,171.52418
19.8869,3.31543,-5.86561,171.37154,-3.27096,3.41765,0.59069,171.50394
19.9086,3.33585,-5.87692,171.44934,-3.2622,3.41741,0.59216,171.58247
19.9324,3.14511,-5.68003,171.40904,-3.26147,3.42132,0.59063,171.53196
19.9566,3.21449,-5.66601,171.47997,-3.26763,3.42302,0.58661,171.60366
19.9778,3.11506,-5.78964,171.55008,-3.25917,3.43835,0.59198,171.67601
19.9986,3.17511,-6.03313,171.55269,-3.26132,3.44414,0.59293,171.6881
20.0208,3.17414,-5.59733,171.48184,-3.26134,3.44335,0.59064,171.60253
20.0415,3.29609,-5.97494,171.34889,-3.26473,3.45209,0.59652,171.48471
20.0623,3.46633,-5.86428,171.10262,-3.25596,3.44853,0.59492,171.23817
20.0853,3.23864,-5.67491,171.48949,-3.25069,3.45881,0.59246,171.61392
20.11,3.48337,-5.75637,171.13904,-3.2563,3.44584,0.59547,171.27125
20.1312,3.70842,-5.84534,170.87712,-3.25609,3.44438,0.6033,171.01728
20.1519,3.58904,-5.90138,171.08934,-3.2556,3.4517,0.60349,171.22871
20.1736,3.56125,-5.80392,170.96715,-3.25358,3.44891,0.6023,171.1027
20.1942,3.53219,-5.83687,170.9516,-3.25142,3.43676,0.60163,171.08768
20.2197,3.38606,-6.09476,170.89114,-3.2682,3.42074,0.60118,171.03331
20.2403,3.33876,-5.99622,170.9469,-3.25928,3.42089,0.59287,171.08461
20.2613,3.30992,-5.78028,171.12529,-3.24947,3.41876,0.594,171.25487
20.282,3.09323,-6.08013,171.24478,-3.25291,3.41996,0.58937,171.3806
20.3033,3.51305,-6.00045,170.73524,-3.24824,3.42345,0.60073,170.87677
20.3239,3.19814,-5.82115,171.468,-3.2513,3.41725,0.59225,171.59659
20.3445,3.3007,-5.98621,171.02136,-3.24929,3.41006,0.59731,171.15793
20.3663,3.20023,-5.51073,171.24928,-3.24713,3.40476,0.5848,171.36781
20.3871,3.12432,-6.39256,171.06398,-3.26652,3.37373,0.59369,171.21189
20.4129,3.09953,-6.3007,171.04727,-3.25477,3.37591,0.5967,171.19134
20.4337,3.20825,-6.01205,171.12502,-3.25476,3.37909,0.58666,171.26064
20.4547,3.22155,-5.74748,171.18733,-3.26214,3.36904,0.58526,171.31408
20.4753,2.95143,-6.24718,171.30667,-3.27335,3.3733,0.59131,171.44595
20.4967,3.03269,-5.78564,171.38574,-3.27042,3.36776,0.58265,171.51018
20.5179,3.04978,-6.07191,171.20229,-3.27589,3.36193,0.58068,171.33707
20.539,2.95768,-5.79181,171.43961,-3.28514,3.36911,0.58113,171.56291
20.5599,3.15916,-5.8813,171.43338,-3.26963,3.38492,0.58469,171.56332
20.5804,3.19283,-5.97888,171.3213,-3.25845,3.41055,0.58589,171.45533
20.601,3.25208,-6.04982,171.29549,-3.26087,3.41442,0.59283,171.43314
20.6261,3.32063,-5.73048,171.48094,-3.26832,3.42255,0.59052,171.60879
20.6468,3.00931,-6.03704,171.27422,-3.26794,3.44268,0.59988,171.407
20.6675,3.47873,-6.04601,171.04811,-3.25362,3.44865,0.60478,171.19028
20.6882,3.51325,-6.06939,171.04948,-3.24053,3.44977,0.60672,171.19318
20.7113,3.41909,-5.87027,171.07135,-3.24713,3.44167,0.59615,171.20618
20.7335,3.24966,-6.08588,171.01326,-3.25189,3.4222,0.59662,171.15237
20.7546,3.31314,-5.84228,171.19673,-3.25176,3.41945,0.59068,171.32843
20.7752,3.1821,-5.96637,171.07347,-3.26636,3.40334,0.58643,171.20706
20.8006,3.13164,-5.53574,171.21114,-3.26798,3.38752,0.57989,171.32923
20.8224,3.09682,-5.99148,171.46671,-3.27483,3.38938,0.5879,171.5993
20.8435,3.11033,-6.05736,171.17308,-3.26969,3.38806,0.58742,171.30846
20.8651,3.07093,-5.79571,171.37567,-3.27286,3.38868,0.58916,171.50114
20.8857,3.09835,-5.79679,171.3862,-3.26297,3.3893,0.58756,171.51219
20.9063,3.18035,-5.69779,171.2986,-3.26625,3.38823,0.58597,171.42284
20.9269,3.22746,-5.76976,171.1857,-3.2637,3.39533,0.58841,171.31331
20.9474,3.27556,-5.81,171.35515,-3.24768,3.4015,0.59307,171.4849
20.97,3.24337,-5.88315,171.10921,-3.25753,3.40478,0.58917,171.24103
20.9909,3.34778,-5.79972,171.09576,-3.25352,3.41444,0.59539,171.22676
21.0131,3.26504,-5.92144,171.06995,-3.26004,3.40819,0.59541,171.20354
21.0341,3.21384,-6.08848,171.23863,-3.26469,3.40675,0.59716,171.37697
21.0549,3.24665,-6.10286,171.31177,-3.26782,3.40354,0.59532,171.45118
21.0769,3.305,-6.01104,170.95068,-3.26037,3.39911,0.59777,171.08826
21.0979,3.24772,-5.87909,171.23918,-3.25189,3.39209,0.59074,171.37085
21.1193,3.15461,-6.38787,171.14925,-3.26098,3.39428,0.59683,171.29746
21.14,3.37199,-5.92107,171.1012,-3.26029,3.40239,0.59392,171.23682
21.1607,3.30552,-5.93642,170.93665,-3.24942,3.41938,0.59452,171.07164
21.1821,3.36241,-5.75859,171.03174,-3.23757,3.43554,0.59605,171.16169
21.2084,3.51902,-5.89286,171.00888,-3.23846,3.44431,0.60145,171.14656
21.229,3.5167,-5.87516,171.09572,-3.24536,3.43836,0.604,171.23268
21.2497,3.46175,-5.7877,170.98099,-3.24054,3.43137,0.60179,171.11394
21.2708,3.37965,-6.1058,171.11409,-3.2457,3.42486,0.60275,171.25634
21.2919,3.48538,-5.85796,171.12198,-3.2301,3.4153,0.59961,171.25769
21.3125,3.23812,-5.93712,171.12112,-3.23525,3.39463,0.59264,171.2547
21.3338,3.04945,-6.18944,171.04349,-3.25952,3.36906,0.58941,171.1826
21.3545,3.00936,-6.34881,171.30473,-3.25922,3.35679,0.59383,171.44875
21.3803,2.8253,-6.36295,171.53775,-3.25559,3.34609,0.58584,171.67897
21.4017,2.94481,-6.18615,171.47874,-3.25128,3.34195,0.58797,171.61556
21.4222,3.04138,-6.17348,171.21494,-3.26065,3.33573,0.58405,171.35319
21.4434,2.87259,-6.01518,171.59436,-3.2621,3.34435,0.57763,171.72379
21.4641,3.06744,-5.69602,171.18936,-3.26079,3.3385,0.57851,171.31156
21.4854,2.88804,-5.7471,171.52373,-3.26791,3.35245,0.58407,171.64428
21.5059,2.83742,-5.9692,171.41025,-3.27221,3.35655,0.58556,171.53762
21.5278,3.14985,-6.03617,171.17805,-3.25693,3.3819,0.59037,171.31341
21.5484,3.20287,-5.99077,171.34212,-3.25877,3.41295,0.59051,171.47673
21.5691,3.05383,-5.93186,171.22394,-3.25908,3.41889,0.58915,171.35387
21.5943,3.26142,-5.77561,171.19527,-3.24954,3.41459,0.59234,171.32371
21.6148,3.22887,-6.04303,171.24393,-3.26432,3.41125,0.59654,171.38094
21.6358,3.17953,-5.86676,171.52986,-3.25742,3.41376,0.59322,171.65961
21.6565,3.12672,-6.09527,171.36258,-3.26016,3.39081,0.58827,171.49945
21.6774,3.05147,-5.88482,171.40141,-3.26664,3.38291,0.5858,171.52955
21.6985,3.00711,-5.88213,171.41609,-3.27178,3.37904,0.58022,171.54334
21.7196,2.98497,-5.71383,171.50323,-3.27065,3.38874,0.58143,171.62435
21.7405,3.1395,-5.84479,171.24129,-3.27041,3.39667,0.58807,171.36977
21.7619,3.02019,-6.14551,171.60582,-3.28066,3.41303,0.58882,171.74238
21.7887,3.01407,-5.78281,171.61469,-3.27234,3.39641,0.58319,171.73854
21.8091,3.03228,-5.70084,171.5542,-3.2681,3.40009,0.58423,171.67568
21.8297,3.08021,-5.99712,171.38002,-3.273,3.41632,0.58846,171.51258
21.8504,3.10278,-5.82646,171.54358,-3.26854,3.42682,0.58705,171.67054
21.8711,3.38186,-5.57044,171.43947,-3.26635,3.42354,0.59012,171.56328
21.8927,3.28794,-5.89051,171.43024,-3.26718,3.42826,0.59008,171.56292
21.9138,3.27225,-5.9653,171.58466,-3.2813,3.42772,0.59144,171.7195
21.9343,3.37503,-5.63063,171.49965,-3.27353,3.42455,0.59006,171.62524
21.9547,3.35132,-5.62367,171.57677,-3.26572,3.42906,0.59113,171.70161
21.9756,3.05,-5.76679,171.39532,-3.26752,3.42108,0.58467,171.51943
21.9963,3.1435,-5.54052,171.72354,-3.27554,3.4199,0.58356,171.84165
22.0234,3.10595,-5.6536,171.50938,-3.28415,3.4153,0.58719,171.63065
22.0439,3.19934,-5.79148,171.2691,-3.27136,3.41095,0.58607,171.39686
22.0646,3.29904,-5.97234,171.37947,-3.27339,3.4098,0.59125,171.51523
22.0852,3.01408,-6.21077,171.37709,-3.27403,3.41188,0.59559,171.51608
22.1065,3.07938,-5.79611,171.46538,-3.27497,3.40663,0.58818,171.59095
22.1271,3.32387,-5.74419,171.26115,-3.26822,3.40582,0.59441,171.38969
22.1491,3.06216,-5.84565,171.71269,-3.26812,3.4145,0.5862,171.83945
22.1696,3.27613,-5.99422,171.2283,-3.27036,3.39299,0.59524,171.36451
22.1967,2.98928,-5.87901,171.59023,-3.25607,3.39752,0.58331,171.71693
22.2173,2.93576,-6.008,171.40776,-3.26143,3.39833,0.58435,171.53814
22.2379,2.92735,-5.87937,171.39102,-3.26181,3.39466,0.58347,171.51682
22.2585,2.9548,-5.65417,171.59029,-3.26131,3.38439,0.5848,171.70884
22.2791,3.10994,-6.04313,171.6725,-3.26948,3.4053,0.58889,171.80698
22.3006,3.09486,-5.98631,171.43465,-3.26215,3.40857,0.5898,171.56705
22.3216,3.24582,-5.88123,171.30194,-3.27263,3.39847,0.58657,171.4336
22.3428,3.21655,-5.95571,171.4064,-3.27756,3.40645,0.589,171.54
22.3634,3.14223,-5.65085,171.4734,-3.28261,3.40553,0.58798,171.59526
22.385,3.19146,-5.74811,171.28021,-3.26704,3.41343,0.58618,171.40635
22.4056,3.26463,-5.81886,171.21933,-3.27713,3.41798,0.58686,171.34928
22.4318,3.29223,-5.75169,171.05852,-3.26596,3.42921,0.59431,171.18685
22.4526,3.40892,-5.76139,170.89468,-3.2519,3.43874,0.60095,171.02575
22.4736,3.50871,-5.67539,171.18347,-3.23887,3.44738,0.60412,171.31346
22.4943,3.30584,-5.83404,170.8627,-3.24951,3.43789,0.59908,170.99423
22.5149,3.53294,-6.00847,170.91905,-3.25278,3.42566,0.60151,171.06112
22.5354,3.35775,-5.95605,171.0527,-3.25219,3.42453,0.59858,171.1893
22.5559,3.21852,-6.27414,171.09839,-3.24766,3.421,0.59816,171.24363
22.5776,3.40589,-6.02729,171.07268,-3.24877,3.40987,0.60039,171.2127
22.5989,3.30486,-5.92339,171.27237,-3.25158,3.41097,0.59991,171.40663
22.6194,2.98068,-6.03924,171.32437,-3.24525,3.40278,0.59367,171.45669
22.6403,3.09053,-6.34342,171.35345,-3.2456,3.40386,0.59377,171.49868
22.6609,3.27541,-6.05543,171.2166,-3.24521,3.40341,0.59713,171.35495
22.6833,3.09903,-6.00188,171.3672,-3.23224,3.39275,0.59337,171.50028
22.7073,2.91121,-6.01014,171.74734,-3.24234,3.37997,0.59094,171.87713
22.7278,2.94955,-6.06462,171.38356,-3.24193,3.37655,0.59086,171.51619
22.7486,3.06822,-6.66764,171.48228,-3.25301,3.38245,0.60123,171.63929
22.7695,3.0187,-6.086,171.39284,-3.25219,3.39651,0.58932,171.52742
22.7901,3.08297,-6.1107,171.32489,-3.25971,3.404,0.59261,171.46155
22.8108,3.13863,-5.85675,171.22145,-3.25996,3.40772,0.59008,171.35034
22.8313,3.22438,-5.90092,171.29988,-3.25657,3.40779,0.59455,171.43181
22.8523,3.25521,-5.91623,171.41223,-3.25795,3.42305,0.59415,171.54519
22.8729,3.22502,-5.97526,171.57474,-3.26307,3.42322,0.59656,171.70904
22.8937,3.05157,-5.66292,171.41922,-3.26524,3.42519,0.59084,171.53988
22.9144,3.27131,-5.39466,171.38191,-3.26643,3.42322,0.58841,171.498
22.935,2.94392,-5.7797,171.4505,-3.27158,3.42191,0.59123,171.57315
22.9623,3.2926,-6.03782,171.4917,-3.27281,3.41642,0.59595,171.62954
22.983,3.39928,-5.8608,171.41277,-3.26451,3.41643,0.59299,171.54661
23.0044,3.25839,-6.13626,171.59895,-3.26021,3.41411,0.6024,171.73955
23.0251,3.08429,-5.99622,171.32819,-3.27006,3.40848,0.59052,171.46083
23.0464,3.27681,-5.68883,171.35374,-3.26648,3.41879,0.58872,171.47946
23.0675,3.17017,-6.23077,171.40198,-3.26464,3.42154,0.60199,171.54449
23.0926,3.06247,-5.96076,171.37918,-3.26863,3.41782,0.59041,171.51015
23.1144,3.15328,-5.75107,171.32352,-3.26934,3.41882,0.59007,171.44902
23.1355,3.08101,-5.96667,171.1969,-3.2638,3.41675,0.59884,171.32855
23.1563,3.14631,-5.79102,171.54489,-3.27001,3.41442,0.59138,171.67144
23.1768,3.16337,-6.10971,171.3812,-3.26132,3.40685,0.59517,171.51924
23.1985,3.36398,-6.30231,171.22775,-3.26621,3.40274,0.60326,171.37672
23.2191,3.21885,-6.26852,171.12607,-3.26332,3.40822,0.59816,171.27109
23.2397,3.11424,-5.68046,171.22897,-3.24536,3.41449,0.59551,171.35147
23.2653,3.22208,-5.75341,171.51848,-3.26069,3.38903,0.58833,171.64519
23.286,3.12944,-5.9077,171.29138,-3.26512,3.37955,0.58707,171.4218
23.3065,3.08302,-6.3244,171.38632,-3.26833,3.38523,0.59227,171.53068
23.3271,3.02032,-6.29223,171.39394,-3.26355,3.38689,0.59023,171.53599
23.348,2.84947,-6.079,171.58325,-3.26632,3.38162,0.58661,171.71455
23.369,2.90978,-6.11883,171.47925,-3.26704,3.38126,0.59201,171.61305
23.3895,3.21026,-5.96755,171.4583,-3.26425,3.38767,0.59441,171.59215
23.4107,3.22133,-5.9826,171.45374,-3.2637,3.38432,0.58652,171.58832
23.432,3.15504,-6.33175,171.33983,-3.26802,3.37855,0.59353,171.48581
23.453,3.02988,-5.87858,171.50064,-3.259,3.3847,0.59096,171.62811
23.4742,3.29904,-6.07521,171.20607,-3.26371,3.40083,0.60044,171.34559
23.495,3.13529,-5.87676,171.05707,-3.25226,3.40633,0.5932,171.1867
23.523,3.23304,-5.7533,171.24628,-3.24823,3.40341,0.59476,171.37339
23.5442,3.18971,-6.06513,171.43214,-3.26224,3.40302,0.59694,171.56905
23.5651,3.22149,-6.0586,171.17903,-3.26041,3.40481,0.59316,171.31651
23.5863,3.23347,-5.93904,171.20169,-3.2573,3.40009,0.59598,171.33519
23.607,3.21545,-5.64633,171.20531,-3.24714,3.40015,0.58823,171.32857
23.6287,3.12901,-6.14718,171.32431,-3.26129,3.40039,0.59579,171.46311
23.6544,3.2861,-5.84639,171.18057,-3.25042,3.39141,0.59588,171.3119
23.6773,3.23051,-5.99243,171.50146,-3.26089,3.39724,0.59308,171.63653
23.6978,3.03803,-6.00431,171.50478,-3.25854,3.39941,0.59364,171.63674
23.7206,3.20175,-6.05844,171.30948,-3.25603,3.38124,0.58854,171.44647
23.7426,3.08547,-5.97677,171.4205,-3.26182,3.38309,0.59011,171.55241
23.7673,3.1504,-5.86886,171.25452,-3.26322,3.39133,0.59011,171.38401
23.7895,3.04457,-6.14837,171.39352,-3.26331,3.3881,0.59413,171.53079
23.8104,3.02164,-6.25509,171.34322,-3.26074,3.40009,0.59062,171.48398
23.8325,3.08016,-5.8678,171.14297,-3.25172,3.40386,0.59167,171.27124
23.8532,3.25923,-6.02072,171.18506,-3.2566,3.40078,0.59963,171.32191
23.8784,3.27797,-5.74826,171.36288,-3.24972,3.39798,0.59035,171.4906
23.8995,3.23811,-6.07685,171.44362,-3.25601,3.40191,0.59397,171.58184
23.9201,3.24416,-6.28432,171.11853,-3.26322,3.38877,0.59213,171.26462
23.9413,3.1898,-6.13063,171.09283,-3.25693,3.39251,0.59435,171.23235
23.9623,3.13774,-5.96706,171.22658,-3.25403,3.40174,0.59111,171.35925
23.9842,3.21691,-5.94484,171.26947,-3.24979,3.40627,0.5973,171.4028
24.0047,3.2342,-6.02916,171.26482,-3.26122,3.40314,0.59187,171.40142
24.026,3.19794,-6.22622,171.16309,-3.25556,3.39261,0.59708,171.30614
24.0464,3.36153,-5.85844,171.01595,-3.249,3.39072,0.59758,171.14928
24.0674,3.3456,-5.99037,171.20432,-3.25726,3.39291,0.59528,171.34175
24.088,3.08804,-5.88542,171.6339,-3.25694,3.39779,0.58843,171.76254
24.1141,3.20834,-6.03024,171.21948,-3.26219,3.38538,0.59164,171.35568
24.1346,2.93368,-5.84853,171.68976,-3.26332,3.39852,0.58638,171.81439
24.1552,3.21682,-5.73262,171.20917,-3.25358,3.40012,0.59377,171.33531
24.176,3.13712,-6.11672,171.40027,-3.26465,3.40513,0.60266,171.53807
24.1972,3.30902,-6.24633,171.20361,-3.26914,3.406,0.59582,171.34948
24.218,3.23896,-6.1202,171.29825,-3.25841,3.41175,0.59859,171.43815
24.2397,3.18645,-5.93772,171.26784,-3.26711,3.40736,0.58907,171.40036
24.2608,3.04724,-5.96163,171.36443,-3.26432,3.41404,0.59233,171.49517
24.2865,3.30294,-6.20445,171.07219,-3.26991,3.4072,0.59695,171.21653
24.3069,3.27946,-5.76606,171.10329,-3.26392,3.41088,0.59456,171.23182
24.3277,3.23459,-5.69271,171.17569,-3.25491,3.41285,0.59196,171.30086
24.3483,3.18604,-5.94703,171.25256,-3.26486,3.4198,0.59219,171.38541
24.3707,3.26537,-5.80789,171.29219,-3.26308,3.41809,0.59286,171.42173
24.3919,3.24702,-6.17064,171.29039,-3.26691,3.41244,0.59834,171.43225
24.413,3.15758,-6.05122,171.50002,-3.26873,3.40637,0.59156,171.63579
24.4393,3.11988,-5.86218,171.22327,-3.26268,3.41489,0.58887,171.35199
24.4607,3.19325,-5.93764,171.33459,-3.26439,3.41283,0.59027,171.46719
24.4818,3.1925,-5.70716,171.50844,-3.27118,3.40932,0.58671,171.63306
24.5024,3.22082,-5.88964,171.40634,-3.26816,3.39631,0.59112,171.53774
24.5241,3.22277,-6.28688,171.2355,-3.27297,3.40297,0.59675,171.38118
24.5458,3.02253,-5.90747,171.3316,-3.26609,3.40701,0.59238,171.46006
24.5716,3.11667,-5.93155,171.23979,-3.26296,3.39127,0.59018,171.37084
24.5923,3.08883,-6.02575,171.30103,-3.27678,3.38682,0.58628,171.4348
24.6129,3.01118,-5.98206,171.46349,-3.27782,3.38359,0.58544,171.59423
24.6336,3.09886,-6.03013,171.26242,-3.26965,3.38831,0.59001,171.39656
24.6557,3.08694,-6.12398,171.42845,-3.26739,3.39029,0.58962,171.56557
24.6763,3.29844,-5.84535,171.20613,-3.26665,3.38652,0.59191,171.33764
24.6976,3.04182,-6.02138,171.25694,-3.27287,3.39248,0.58949,171.38976
24.7188,3.12894,-6.11703,171.49878,-3.27403,3.38851,0.59182,171.63636
24.74,3.32337,-5.91427,171.24182,-3.27072,3.37606,0.58718,171.37615
24.7605,2.98317,-5.88722,171.31171,-3.26403,3.38034,0.58999,171.43879
24.781,3.15309,-6.0762,171.10699,-3.26075,3.37708,0.58842,171.24388
24.8062,3.09286,-5.96244,171.34811,-3.26081,3.37745,0.58671,171.47971
24.8269,2.98437,-6.31828,171.18881,-3.27308,3.3731,0.58955,171.33136
24.8486,3.09721,-5.98026,171.32794,-3.26225,3.37096,0.5851,171.46026
24.8697,2.94508,-5.80195,171.29028,-3.25844,3.37649,0.58591,171.41382
24.8904,2.99911,-5.92202,171.48178,-3.26655,3.38124,0.58181,171.61022
24.9125,3.02227,-6.25616,171.19937,-3.26942,3.37229,0.59149,171.3403
24.933,3.10148,-5.89497,171.57629,-3.25691,3.38074,0.58819,171.70555
24.9538,3.00586,-5.80008,171.28256,-3.26337,3.38218,0.58245,171.40709
24.975,3.10606,-6.14694,171.11488,-3.26118,3.37316,0.58772,171.25343
25.0001,2.94634,-5.95249,171.32913,-3.26071,3.37782,0.58854,171.45782
25.0209,3.04148,-6.37032,171.22466,-3.26315,3.38137,0.59096,171.37011
25.0416,3.18957,-5.93707,171.18648,-3.25461,3.38229,0.58741,171.3191
25.0624,3.33941,-6.07376,171.20354,-3.25663,3.3766,0.59042,171.34379
25.083,3.00566,-6.26524,171.16954,-3.26939,3.37109,0.59082,171.31053
25.1047,3.02846,-6.0003,171.39523,-3.26266,3.37704,0.58927,171.52697
25.1252,3.08881,-6.22,171.22934,-3.26777,3.37034,0.59132,171.37011
25.1461,3.00267,-5.98227,171.29259,-3.25791,3.37707,0.58354,171.42332
25.1668,3.18784,-6.00477,171.31551,-3.26206,3.37721,0.59197,171.45035
25.1875,3.07118,-5.95966,171.49496,-3.26662,3.37393,0.58854,171.62597
25.2082,3.08642,-5.852,171.3748,-3.25692,3.37065,0.58736,171.50246
25.2323,3.04356,-5.96009,171.18153,-3.26763,3.37889,0.58901,171.3123
25.2541,3.219,-5.91629,171.33456,-3.25842,3.37961,0.58947,171.4669
25.2747,3.16621,-5.74031,171.19157,-3.25439,3.38148,0.58954,171.31705
25.2959,3.09127,-5.8295,171.21582,-3.26257,3.37968,0.59287,171.34292
25.3171,3.15768,-5.73422,171.48921,-3.25394,3.38225,0.59211,171.61411
25.3377,3.10288,-5.78213,171.1443,-3.26201,3.38329,0.58491,171.27006
25.3583,3.00582,-6.06217,171.34213,-3.27384,3.38156,0.58738,171.47569
25.3796,3.03252,-5.91444,171.29991,-3.26595,3.37162,0.58815,171.42881
25.4009,3.28143,-5.851,171.30768,-3.26807,3.37709,0.58874,171.43898
25.4216,3.17885,-5.84674,171.39272,-3.27012,3.38295,0.59423,171.52187
25.4426,2.94729,-5.94158,171.56844,-3.27231,3.38291,0.58723,171.69658
25.464,3.12354,-5.83107,171.32489,-3.26354,3.37706,0.59024,171.45255
25.489,3.16645,-5.92153,171.08018,-3.26253,3.38907,0.58905,171.21192
25.5107,3.16302,-5.95731,171.21184,-3.26591,3.38903,0.58989,171.34465
25.5319,3.22576,-5.86451,171.19218,-3.27087,3.36829,0.58086,171.32298
25.5527,3.12315,-5.88202,171.32291,-3.26438,3.37752,0.58789,171.4523
25.5738,3.06544,-5.71997,171.3004,-3.26597,3.38572,0.58245,171.42328
25.5945,3.15431,-5.91904,170.78531,-3.26887,3.38311,0.58587,170.91696
25.6165,3.32037,-5.88521,171.00055,-3.27231,3.37235,0.58846,171.13401
25.6403,3.08856,-6.08195,171.15508,-3.26944,3.37526,0.58611,171.29095
25.6622,2.90193,-6.02544,171.5264,-3.27157,3.37715,0.58665,171.65673
25.6828,2.86276,-5.8299,171.23434,-3.27463,3.38272,0.58438,171.35747
25.7041,3.04112,-5.95996,171.45319,-3.26348,3.3661,0.58284,171.5837
25.7254,3.00957,-6.19763,171.29042,-3.27249,3.37096,0.59008,171.42892
25.7462,2.96373,-5.90464,171.13161,-3.26292,3.37578,0.58464,171.25909
25.7677,2.94039,-6.01642,171.03583,-3.26518,3.37866,0.58488,171.16687
25.7887,3.07745,-6.07286,171.31776,-3.27669,3.3613,0.58755,171.45299
25.8142,3.03622,-6.11161,171.39223,-3.27438,3.3674,0.58192,171.52803
25.835,2.96348,-6.13531,171.0285,-3.27451,3.36763,0.583,171.16417
25.8561,3.11114,-6.33257,171.06273,-3.27324,3.38074,0.58974,171.20817
25.8773,3.28392,-5.93285,171.14548,-3.26405,3.37777,0.58563,171.27976
25.8984,3.07396,-5.91353,171.30983,-3.26054,3.38023,0.58749,171.43943
25.9202,3.05599,-6.13964,171.29337,-3.26761,3.3853,0.59465,171.4306
25.9407,3.16063,-6.06829,171.23781,-3.27278,3.38074,0.59,171.37445
25.9616,3.13981,-6.01275,171.17839,-3.26021,3.3838,0.59107,171.31273
25.983,3.1175,-5.73026,171.40121,-3.26447,3.38596,0.58481,171.52531
26.0037,3.15549,-5.74498,171.42503,-3.26542,3.3921,0.5869,171.5503
26.0242,3.14466,-6.17322,171.25079,-3.2708,3.39367,0.59196,171.39087
26.05,3.23111,-5.90772,171.12971,-3.26338,3.38087,0.58926,171.26214
26.0709,3.10808,-5.78824,171.18942,-3.26701,3.38361,0.58845,171.31545
26.092,3.08136,-6.19368,171.0972,-3.26422,3.38915,0.58942,171.23699
26.113,2.93511,-6.13781,171.38419,-3.27205,3.3861,0.58913,171.51917
26.1336,3.06324,-6.00294,171.15121,-3.26836,3.38321,0.58461,171.28385
26.1558,3.09277,-5.92938,171.31171,-3.27442,3.38925,0.5907,171.44219
26.1796,2.87908,-5.93778,171.48253,-3.26165,3.38545,0.58698,171.60945
26.2017,3.08992,-6.03712,171.10336,-3.26045,3.38814,0.58997,171.23772
26.2228,3.26894,-5.84713,171.27859,-3.2533,3.39893,0.59197,171.40954
26.2438,3.14146,-6.1501,171.11919,-3.27274,3.4005,0.59359,171.25848
26.2653,3.14144,-6.13221,171.04025,-3.26619,3.40698,0.59347,171.17897
26.2866,3.21066,-6.14805,171.19287,-3.2726,3.41843,0.59598,171.33332
26.3074,3.19647,-5.93934,171.29826,-3.25168,3.4259,0.60122,171.431
26.3292,3.33968,-5.74888,171.0605,-3.25604,3.43021,0.59496,171.18966
26.35,3.19379,-5.82952,171.58423,-3.26365,3.42578,0.59182,171.71293
26.3773,3.14105,-5.86032,171.39423,-3.27213,3.41026,0.58755,171.52315
26.3988,3.321,-5.79523,171.00443,-3.25318,3.41098,0.59333,171.13482
26.4193,3.17655,-5.7847,171.21002,-3.25595,3.40846,0.59147,171.33717
26.4398,3.08556,-6.005,171.3027,-3.26908,3.40013,0.59228,171.43569
26.4611,3.08823,-6.31191,171.22641,-3.26603,3.39437,0.60141,171.37054
26.4822,3.17371,-6.10773,171.21413,-3.2636,3.38212,0.59428,171.35243
26.5028,3.03522,-5.82344,171.30876,-3.2591,3.375,0.58865,171.43458
26.5294,3.26252,-6.15053,171.09439,-3.25717,3.36397,0.59358,171.23599
26.5501,3.06624,-6.19454,171.25664,-3.25968,3.35837,0.59291,171.39606
26.5709,2.8274,-5.9158,171.38383,-3.26186,3.34634,0.58022,171.50921
26.5921,2.85467,-5.81033,171.74014,-3.26512,3.34913,0.57829,171.86211
26.6125,2.90626,-6.01851,171.49139,-3.25933,3.35316,0.58861,171.62158
26.6344,2.98616,-6.14618,171.45316,-3.2611,3.34549,0.59266,171.58927
26.6634,3.1847,-6.32336,171.06166,-3.27214,3.3448,0.58616,171.20812
26.6841,2.9883,-6.11501,171.1106,-3.25975,3.33941,0.58659,171.2459
26.7048,2.75931,-6.4222,171.30984,-3.26737,3.34196,0.58972,171.45239
26.7263,2.95894,-6.27642,171.43617,-3.26484,3.3542,0.59064,171.57654
26.747,2.97862,-6.29683,170.88335,-3.26934,3.34352,0.58855,171.02526
26.7679,2.89037,-6.08588,171.51239,-3.25362,3.35121,0.58981,171.64467
26.7936,2.91189,-6.28173,171.07045,-3.26181,3.35036,0.59245,171.21051
26.8143,2.86399,-6.39991,171.17737,-3.26842,3.35253,0.59068,171.32091
26.8372,2.98865,-6.34074,171.00983,-3.26745,3.35116,0.59083,171.15343
26.8649,2.85152,-5.80537,171.21252,-3.25985,3.36419,0.5901,171.33465
26.8856,2.81928,-6.03185,171.18239,-3.2614,3.3567,0.58725,171.31183
26.9067,3.05833,-6.26863,171.20493,-3.257,3.35332,0.5906,171.34695
26.9292,3.01532,-6.0635,171.04131,-3.25938,3.35667,0.58501,171.17531
26.9504,2.9039,-6.14692,171.2601,-3.26261,3.34762,0.58866,171.39498
26.971,3.04919,-6.24196,171.24063,-3.25883,3.36882,0.59354,171.38149
26.9926,3.17128,-5.88522,171.08353,-3.25001,3.36708,0.59097,171.21409
27.0185,2.98141,-5.97195,171.31602,-3.26077,3.36032,0.58658,171.44601
27.0393,3.08464,-6.10994,171.16342,-3.26251,3.36383,0.59153,171.30021
27.0599,3.16151,-6.14738,171.30717,-3.25257,3.37026,0.59461,171.44659
27.0821,3.06035,-6.34264,171.12897,-3.2574,3.36886,0.5914,171.27381
27.1037,3.18797,-5.96652,171.00348,-3.24965,3.35597,0.58873,171.13723
27.1243,3.05688,-6.3658,171.11095,-3.26221,3.35536,0.59417,171.2566
27.1462,3.071,-6.06878,171.27969,-3.25615,3.36414,0.59158,171.41469
27.172,3.17001,-6.02723,171.49463,-3.25086,3.36821,0.59254,171.62979
27.1932,3.13986,-5.85136,171.13757,-3.25511,3.36811,0.592,171.26636
27.2146,3.02733,-5.88331,171.14803,-3.24932,3.36279,0.58968,171.27587
27.2356,3.14123,-6.09601,171.19855,-3.25042,3.36466,0.59321,171.33584
27.258,3.11808,-5.96268,171.14513,-3.25056,3.37485,0.59043,171.27735
27.2789,2.96807,-6.3454,171.26645,-3.25129,3.37028,0.59258,171.40966
27.2995,2.84465,-6.03972,171.47984,-3.25807,3.36263,0.58504,171.60975
27.3268,3.1285,-6.24238,171.03268,-3.25435,3.35209,0.59552,171.17516
27.3481,3.08008,-6.26816,171.29065,-3.2524,3.36042,0.59042,171.43297
27.3693,2.98845,-6.14585,171.22682,-3.25484,3.35851,0.59154,171.36314
27.3906,2.92513,-6.34263,171.27205,-3.2612,3.35666,0.58932,171.41441
27.4112,2.98494,-6.50922,171.25323,-3.2601,3.36053,0.58997,171.40289
27.432,2.93089,-6.19246,171.41295,-3.25626,3.36583,0.59199,171.54981
27.4526,2.94815,-6.04284,171.3373,-3.2585,3.36439,0.5918,171.46917
27.4735,3.12025,-6.27487,171.16747,-3.25354,3.36078,0.59036,171.31086
27.4991,2.96621,-6.0,171.12878,-3.25294,3.3561,0.58679,171.25963
27.5197,3.17854,-6.3983,170.81627,-3.25988,3.36149,0.59752,170.96561
27.5402,2.99545,-6.24016,171.01183,-3.25424,3.35965,0.58875,171.15185
27.5611,3.03382,-6.22006,171.40562,-3.25326,3.34567,0.58857,171.54527
27.5816,3.22613,-6.0577,171.11105,-3.25612,3.35471,0.59094,171.24864
27.6029,2.96212,-6.53996,171.10817,-3.2606,3.34879,0.59295,171.25873
27.6241,2.95277,-5.76211,171.55028,-3.24391,3.34927,0.58312,171.67242
27.6448,2.85701,-6.2681,171.25742,-3.25838,3.35526,0.58828,171.3959
27.6656,2.86956,-6.09512,171.3679,-3.25398,3.35148,0.59133,171.50027
27.6871,2.9507,-6.50921,171.1833,-3.25055,3.34737,0.59551,171.33243
27.7078,3.03061,-6.25899,171.05453,-3.24867,3.34941,0.59508,171.19583
27.7283,3.0597,-6.32356,171.20934,-3.24485,3.34762,0.59818,171.35339
27.7547,3.12394,-6.34652,170.89517,-3.25949,3.34164,0.59853,171.04151
27.7762,3.16253,-6.21067,171.1825,-3.249,3.34765,0.59515,171.32431
27.7967,2.8721,-6.06533,171.40663,-3.25286,3.35339,0.58796,171.53796
27.8173,3.16252,-6.22634,171.06871,-3.24942,3.34403,0.59164,171.21119
27.8384,2.86835,-6.43799,171.24139,-3.25316,3.34301,0.59697,171.38638
27.8605,3.10433,-6.04115,171.1815,-3.24971,3.35431,0.5927,171.3162
27.8861,3.01226,-6.39913,170.96216,-3.25362,3.34806,0.59775,171.10839
27.9079,2.81628,-6.25773,171.27472,-3.25675,3.34875,0.59136,171.41213
27.929,3.04592,-6.24674,171.13985,-3.25166,3.34903,0.59391,171.2809
27.9506,3.06167,-6.13822,171.18378,-3.24851,3.34864,0.59489,171.32115
27.9713,3.02647,-6.24029,171.24551,-3.25192,3.34846,0.59476,171.3859
27.9924,3.01092,-6.17734,171.15182,-3.24898,3.3504,0.59547,171.28973
28.0181,3.03015,-6.19368,171.1895,-3.24774,3.34475,0.59599,171.3283
28.0388,3.04624,-6.12936,171.12022,-3.24207,3.35209,0.59553,171.25706
28.0596,3.08782,-6.48309,171.08989,-3.25693,3.34767,0.59305,171.24052
28.0802,2.89134,-6.10676,171.15941,-3.25247,3.34371,0.59335,171.29272
28.1034,2.93481,-6.49783,171.27885,-3.25708,3.34729,0.59527,171.42719
28.124,2.98921,-6.3584,170.96288,-3.25147,3.34959,0.59561,171.10719
28.1445,3.10267,-6.3375,171.15475,-3.25978,3.35075,0.59391,171.30015
28.1653,3.00205,-6.15084,171.21196,-3.24945,3.35122,0.58896,171.34871
28.1862,2.97837,-6.23675,171.25099,-3.24696,3.34472,0.59413,171.3904
28.2162,3.0773,-6.20232,170.88109,-3.2465,3.34774,0.59429,171.0213
28.2372,3.16809,-6.33472,171.03351,-3.2525,3.33788,0.59467,171.1801
28.2634,3.17175,-6.23685,171.02106,-3.2513,3.34738,0.59303,171.16413
28.2848,2.99787,-6.45865,171.03088,-3.25828,3.34747,0.59819,171.17904
28.3054,3.04806,-6.12582,171.04402,-3.25337,3.34631,0.59148,171.18082
28.326,3.12811,-6.15435,171.34657,-3.25257,3.35186,0.59186,171.48559
28.3467,2.93297,-6.05381,171.0881,-3.24561,3.35171,0.59039,171.2203
28.3686,2.89869,-5.93681,171.25792,-3.25341,3.35306,0.58773,171.38531
28.3898,3.06598,-6.26636,171.11635,-3.25669,3.3468,0.58941,171.2585
28.4111,3.06324,-6.42369,171.01607,-3.25529,3.34005,0.59301,171.16408
28.4318,3.10007,-6.29028,171.12457,-3.25562,3.34496,0.59039,171.2682
28.4525,3.01606,-6.16533,171.14452,-3.25384,3.351,0.59256,171.28209
28.4733,3.21347,-6.14085,171.08711,-3.25421,3.34776,0.59078,171.22744
28.4987,3.1792,-6.44605,170.79324,-3.25954,3.34623,0.59461,170.94441
28.5195,3.12301,-6.1563,170.93474,-3.25146,3.34433,0.58801,171.07407
28.5401,3.12452,-6.34095,170.95573,-3.2499,3.34125,0.59349,171.10182
28.5622,3.15406,-6.21149,171.0966,-3.24694,3.3463,0.59531,171.23837
28.5827,2.96869,-6.01141,171.10623,-3.25234,3.34855,0.58984,171.23753
28.6044,2.91027,-6.10075,170.91336,-3.24983,3.34695,0.58714,171.04697
28.6248,3.06411,-6.21024,171.17953,-3.25285,3.3497,0.59306,171.31955
28.6455,3.05623,-5.93403,171.29852,-3.25376,3.35196,0.58964,171.42852
28.6734,2.92165,-6.25602,171.31181,-3.25549,3.3483,0.59415,171.4509
28.6941,3.06157,-6.11155,171.17305,-3.24393,3.35342,0.59377,171.30948
28.7145,2.89546,-6.41493,171.28223,-3.25413,3.34968,0.59209,171.42677
28.7358,2.85769,-6.27244,171.30989,-3.25685,3.34926,0.5914,171.4485
28.7564,3.10518,-6.3437,171.13588,-3.26038,3.34415,0.5946,171.28156
28.7784,2.97021,-6.18188,171.36275,-3.23919,3.35425,0.59402,171.49994
28.799,2.98427,-5.98215,171.27968,-3.24678,3.35086,0.59385,171.41009
28.8258,2.9696,-6.09234,171.18341,-3.24748,3.348,0.58946,171.31753
28.8462,2.96837,-6.00975,171.2442,-3.24979,3.34992,0.58941,171.37533
28.8667,2.90849,-6.2124,171.11179,-3.25331,3.35034,0.59138,171.24922
28.8874,2.90024,-6.18908,171.09871,-3.25751,3.34762,0.59069,171.23517
28.9082,3.0048,-6.49729,170.99577,-3.25507,3.34652,0.59474,171.14555
28.93,3.01463,-6.17063,171.26823,-3.25291,3.34599,0.59312,171.40587
28.9505,3.04255,-6.11259,171.14856,-3.25978,3.35049,0.58774,171.28471
28.9715,3.13508,-5.89327,171.01227,-3.24904,3.34473,0.59074,171.1425
28.9941,2.845,-6.52521,171.15292,-3.25198,3.34888,0.58978,171.30089
29.0176,3.01134,-5.98727,171.11551,-3.24982,3.34771,0.58613,171.2467
29.0382,3.03439,-6.08942,171.19974,-3.248,3.34607,0.59262,171.33487
29.0587,3.14061,-5.91064,171.05536,-3.23706,3.34369,0.58887,171.18626
29.0794,2.94678,-6.2459,171.27641,-3.24972,3.35057,0.59032,171.41559
29.1,3.09633,-6.07726,170.92819,-3.24449,3.34597,0.59681,171.06422
29.1227,2.91158,-6.15676,171.27313,-3.2533,3.34801,0.58654,171.40849
29.1437,3.10284,-6.28264,171.23952,-3.24992,3.34526,0.60024,171.38282
29.1654,2.94775,-6.25226,171.28577,-3.25145,3.35338,0.5876,171.42518
29.186,3.00884,-6.27167,171.52904,-3.26174,3.3549,0.59484,171.67003
29.2068,3.00885,-5.98258,170.9778,-3.24926,3.34063,0.59009,171.10889
29.2336,2.95628,-6.14599,171.13586,-3.248,3.35365,0.59047,171.2717
29.255,3.02607,-6.11012,171.2487,-3.24428,3.35239,0.596,171.38439
29.2755,2.93223,-6.01685,171.2507,-3.24042,3.35415,0.58892,171.38146
29.2968,2.92322,-6.22476,171.18466,-3.25318,3.34772,0.5958,171.32274
29.3178,3.02785,-6.22119,171.22487,-3.25972,3.34832,0.59067,171.3646
29.3389,2.95574,-6.26806,171.2599,-3.25038,3.34849,0.59675,171.40006
29.3595,3.03836,-6.17832,171.08353,-3.2468,3.35444,0.59294,171.22201
29.3894,3.04914,-5.94653,171.31924,-3.24701,3.34973,0.59197,171.44953
29.4158,3.29868,-5.97643,171.00124,-3.24492,3.3475,0.59319,171.13744
29.4367,2.97757,-6.09747,171.45424,-3.25146,3.34168,0.58963,171.58846
29.4578,2.9543,-6.32323,171.03081,-3.24991,3.34884,0.59354,171.17315
29.4785,3.11895,-6.17603,170.99382,-3.25455,3.34613,0.59241,171.13374
29.4998,3.00451,-6.12617,171.0365,-3.241,3.34863,0.5968,171.17255
29.5209,2.93086,-6.15358,171.3264,-3.25056,3.35156,0.58706,171.46193
29.5427,2.89327,-6.19983,171.16568,-3.2557,3.35173,0.59314,171.30236
29.5635,3.01803,-6.21739,171.02039,-3.24141,3.34638,0.59017,171.15997
29.5907,2.99823,-6.08107,171.30009,-3.25305,3.34684,0.58981,171.43422
29.6122,2.90032,-5.96131,171.35565,-3.24916,3.34975,0.59046,171.48384
29.6336,3.05186,-6.11548,171.26802,-3.25197,3.34959,0.58773,171.40434
29.6543,2.99762,-6.13964,171.27496,-3.25312,3.35099,0.5947,171.41118
29.6759,2.93769,-6.08774,171.09996,-3.25384,3.34571,0.59098,171.23343
29.6966,3.18246,-5.99659,171.04558,-3.24451,3.35066,0.59025,171.18025
29.722,2.93261,-6.29784,171.20566,-3.25361,3.35265,0.59156,171.34655
29.7427,2.95224,-6.27267,171.26459,-3.24578,3.3454,0.59168,171.40485
29.7651,2.97646,-6.04689,171.0938,-3.24651,3.34855,0.58948,171.22649
29.7874,3.04764,-6.59707,171.19075,-3.2576,3.34774,0.59773,171.34492
29.8086,3.14658,-6.29081,170.97037,-3.2532,3.34311,0.5932,171.115
29.8292,3.00369,-6.01554,171.19566,-3.24921,3.34948,0.58844,171.32765
29.8497,2.99732,-6.25996,171.22829,-3.24585,3.34991,0.59658,171.36889
29.8772,2.98641,-6.23652,171.20099,-3.25984,3.34815,0.5908,171.34057
29.8982,3.00116,-6.24812,171.09293,-3.25003,3.35567,0.59509,171.23328
29.9188,3.04107,-6.07593,171.16788,-3.23886,3.34492,0.59438,171.30268
29.94,3.00013,-6.35353,171.15367,-3.25266,3.34593,0.58992,171.29783
29.9606,3.15421,-6.06095,171.263,-3.25348,3.34881,0.59084,171.39924
29.9814,2.98325,-6.22621,171.06956,-3.25766,3.34166,0.5944,171.20882
30.002,2.87373,-6.1419,171.1291,-3.25235,3.35683,0.58987,171.2634
30.0225,3.1317,-6.08919,171.05844,-3.25051,3.34917,0.59247,171.19543
30.0503,2.84366,-6.25559,171.21896,-3.25445,3.34786,0.59542,171.3568
30.0708,3.17105,-6.21833,171.06612,-3.2517,3.34499,0.58939,171.20847
30.0916,3.08248,-6.14253,171.37466,-3.25361,3.35092,0.59069,171.51241
30.1128,2.97412,-6.18368,170.9084,-3.25005,3.34489,0.59149,171.04609
30.1334,3.00783,-6.22766,171.20354,-3.25129,3.34859,0.59032,171.34317
30.1548,2.99483,-6.26772,171.0251,-3.25093,3.34678,0.59568,171.16611
30.1762,3.06914,-6.24827,171.08037,-3.24997,3.34506,0.59116,171.22194
30.2029,2.92742,-6.24767,171.18105,-3.24593,3.34513,0.59302,171.32003
30.2243,3.00675,-6.16062,171.06224,-3.24472,3.3506,0.59117,171.19954
30.2451,2.89796,-6.33555,171.2095,-3.25452,3.34783,0.5954,171.35119
30.2663,3.107,-6.3791,171.16023,-3.25651,3.34657,0.59175,171.30724
30.2875,3.01729,-6.06739,171.33101,-3.23527,3.3571,0.59142,171.46496
30.3087,3.08597,-6.25742,171.14851,-3.25942,3.34247,0.59366,171.29067
30.3292,3.04772,-6.0246,170.95723,-3.24601,3.3503,0.58784,171.0905
30.3564,2.96606,-5.95804,171.142,-3.24132,3.34851,0.58868,171.27136
30.3768,2.97966,-6.39379,171.05092,-3.25065,3.34738,0.59606,171.19631
30.3974,2.95683,-6.16073,171.13243,-3.25649,3.34834,0.58731,171.26881
30.4181,2.9967,-6.45667,171.28482,-3.2534,3.35163,0.5987,171.43266
30.4397,3.11384,-6.04828,171.04596,-3.24153,3.34876,0.58712,171.18118
30.4606,2.93964,-6.29822,171.22903,-3.25731,3.34689,0.59685,171.37004
30.4811,3.12374,-6.3408,171.00168,-3.24989,3.34523,0.59363,171.14771
30.5023,2.9666,-6.27763,171.12982,-3.25268,3.34562,0.5943,171.27062
30.523,3.00091,-6.2287,171.12292,-3.24759,3.34928,0.59519,171.26254
30.5435,3.20977,-6.04181,171.06584,-3.25318,3.34832,0.59754,171.20259
30.5688,2.93765,-6.12415,170.93323,-3.25871,3.34793,0.59124,171.06812
30.5914,2.83299,-6.30148,171.19394,-3.25038,3.35495,0.59302,171.3333
30.6122,2.98421,-6.28685,171.07538,-3.25147,3.35441,0.592,171.21687
30.6336,3.00764,-6.38908,171.22302,-3.25466,3.34412,0.59492,171.36858
30.6542,2.9196,-6.19397,171.41946,-3.25151,3.35363,0.59319,171.55618
30.6759,2.89507,-6.43173,171.153,-3.25843,3.34903,0.59657,171.29827
30.6964,3.11004,-5.9308,171.24051,-3.24734,3.34505,0.59126,171.37141
30.7182,2.99064,-6.31704,171.25562,-3.24838,3.35054,0.59007,171.39818
30.7442,2.93348,-6.30433,171.07744,-3.25865,3.34551,0.58911,171.21869
30.765,2.84258,-6.31002,171.18182,-3.25712,3.34556,0.59729,171.32167
30.7864,2.86935,-6.05637,171.30411,-3.24835,3.35334,0.59212,171.43515
30.8075,3.05813,-6.10358,171.35031,-3.24793,3.36834,0.58921,171.48625
30.8281,3.22217,-6.16205,171.29138,-3.24455,3.38135,0.58737,171.43247
30.8494,3.43302,-5.94229,170.86942,-3.24837,3.38343,0.59216,171.00717
30.8706,3.13365,-5.94375,171.09918,-3.23476,3.37764,0.58652,171.23107
30.8975,3.00019,-6.32382,170.91364,-3.257,3.34684,0.5948,171.0569
30.9184,3.01962,-6.49297,170.99968,-3.26005,3.34738,0.59405,171.14955
30.9396,2.93312,-6.02463,171.1767,-3.24274,3.35119,0.59011,171.3078
30.9639,3.06163,-5.90627,171.12589,-3.24259,3.34474,0.58965,171.25515
30.9845,2.93059,-6.11095,171.23137,-3.2554,3.35044,0.59049,171.36544
31.008,2.9853,-6.46232,171.20453,-3.24768,3.34647,0.59519,171.35246
31.0286,2.98076,-6.24794,171.14261,-3.2495,3.35317,0.59558,171.28256
31.0504,2.95648,-5.96625,171.26903,-3.24438,3.35601,0.59168,171.39842
31.0716,2.94297,-6.21383,171.29597,-3.24708,3.34251,0.59186,171.4339
31.0934,2.96664,-6.23333,171.03429,-3.24952,3.34798,0.59151,171.17354
31.1141,3.22353,-6.41881,171.24921,-3.25407,3.34517,0.59846,171.39978
31.1357,3.0089,-6.07398,171.25461,-3.25307,3.34647,0.59105,171.3887
31.1564,3.02497,-6.13378,171.38223,-3.24459,3.34935,0.59383,171.51864
31.1787,3.01904,-6.09109,171.13974,-3.25428,3.34723,0.58897,171.27471
31.2024,2.79075,-6.12107,171.32979,-3.2581,3.35285,0.58983,171.46181
31.2232,3.00937,-6.27866,170.93654,-3.24081,3.35167,0.59348,171.07828
31.2439,3.01489,-6.288,171.12851,-3.25164,3.3441,0.59305,171.27053
31.268,2.90249,-6.54465,171.12859,-3.2572,3.3484,0.59341,171.27828
31.2886,2.79432,-6.55455,171.08109,-3.25594,3.34439,0.59462,171.2294
31.3091,2.92972,-6.0983,171.24973,-3.25029,3.35324,0.59202,171.38332
31.3343,3.04868,-6.08319,171.20226,-3.24837,3.34943,0.58944,171.33742
31.3571,2.9836,-5.99668,171.0817,-3.24426,3.34975,0.59262,171.21276
31.3781,2.9866,-6.19875,171.23949,-3.25476,3.34806,0.58965,171.37767
31.3992,3.06415,-5.99105,171.27284,-3.25175,3.35013,0.58744,171.40498
31.4204,3.0737,-6.04213,171.10419,-3.25582,3.33787,0.59483,171.23842
31.441,3.03445,-6.4672,171.07396,-3.25685,3.34136,0.59495,171.22305
31.4619,2.94386,-6.13208,171.22395,-3.25441,3.34904,0.58759,171.35901
31.483,3.08989,-6.05637,170.95508,-3.24334,3.34507,0.59032,171.09023
31.5084,3.06473,-6.19864,171.17468,-3.24936,3.34533,0.5957,171.3143
31.5294,3.13678,-6.26227,171.08897,-3.25882,3.34777,0.59508,171.23228
31.55,3.09475,-6.16346,171.09909,-3.25158,3.34428,0.59375,171.23803
31.5711,3.09951,-6.23889,171.2599,-3.25605,3.34229,0.58885,171.40153
31.5923,3.07053,-6.04477,171.17671,-3.24804,3.35189,0.58853,171.31093
31.6133,3.0013,-6.22706,171.24493,-3.25775,3.34566,0.58789,171.3844
31.6349,2.7352,-6.22244,171.27693,-3.2524,3.35334,0.5891,171.41175
31.6614,3.06194,-6.23231,171.08919,-3.24938,3.35053,0.59196,171.23004
31.6823,2.9634,-6.2621,171.07532,-3.24522,3.34712,0.59015,171.21554
31.7029,2.92273,-6.1386,171.32962,-3.25299,3.34885,0.58902,171.46447
31.7235,3.02466,-6.04491,171.2861,-3.24967,3.3494,0.59523,171.41942
31.7447,3.00161,-6.14222,171.1051,-3.24678,3.35005,0.5895,171.24162
31.7653,3.0608,-6.00064,171.0947,-3.24891,3.35528,0.58511,171.22725
31.7866,2.80288,-5.95754,171.15033,-3.24906,3.34935,0.58499,171.27692
31.8079,2.88839,-6.4543,171.33598,-3.25421,3.35345,0.59499,171.48184
31.829,3.09183,-6.63658,170.96756,-3.25868,3.35347,0.60375,171.12425
31.8494,2.90517,-6.00915,171.19296,-3.24592,3.35337,0.58785,171.32303
31.87,3.02074,-6.02577,171.14738,-3.24251,3.34585,0.58404,171.28007
31.8909,3.11351,-6.3738,171.06346,-3.25373,3.34995,0.59739,171.21048
31.9167,3.01711,-5.98866,171.18175,-3.25506,3.3489,0.59393,171.31304
31.9374,3.0295,-6.19617,171.30707,-3.24958,3.35332,0.59496,171.44586
31.9582,2.9996,-6.19091,171.0363,-3.24662,3.35165,0.59226,171.17459
31.9795,3.03289,-6.1645,171.29089,-3.24367,3.34873,0.59398,171.42861
32.0002,3.11778,-6.12046,171.31679,-3.24882,3.35237,0.59025,171.45443
32.0219,3.02348,-6.25885,171.10281,-3.25631,3.34578,0.59154,171.24394
32.0434,3.11872,-5.87644,171.44681,-3.23757,3.35334,0.58671,171.57583
32.0704,3.03459,-6.22627,171.09734,-3.24697,3.34665,0.5894,171.23748
32.0913,2.94546,-6.25134,171.26974,-3.26372,3.35006,0.58987,171.4091
32.1121,2.99569,-6.31157,170.96443,-3.25799,3.34828,0.59025,171.10712
32.1337,2.84343,-6.11026,171.19075,-3.24328,3.35228,0.59217,171.32336
32.1543,2.85562,-6.44901,171.29794,-3.25992,3.34284,0.59192,171.44308
32.1757,3.0911,-6.08222,171.22954,-3.24689,3.35311,0.58966,171.36541
32.1973,3.16783,-5.98602,171.23151,-3.24085,3.35311,0.593,171.36539
32.222,3.1224,-5.91031,171.2641,-3.24349,3.34732,0.59002,171.39449
32.2431,3.11463,-6.0893,171.19249,-3.2478,3.3535,0.59274,171.32907
32.2638,2.84302,-6.09627,171.19328,-3.24963,3.349,0.59142,171.32538
32.2844,2.86669,-6.15788,171.15025,-3.25031,3.3545,0.59032,171.28499
32.3055,2.92068,-5.8664,171.23029,-3.24646,3.35406,0.58682,171.35564
32.3262,3.09219,-6.01268,171.33659,-3.23784,3.34759,0.59129,171.46995
32.3484,3.02687,-6.15708,170.8627,-3.25692,3.3491,0.59151,171.00039
32.3739,2.95787,-6.20856,171.08678,-3.24586,3.35345,0.59394,171.22494
32.3947,3.00918,-6.4907,171.06471,-3.25388,3.34244,0.59468,171.21425
32.4154,3.04248,-6.34136,171.18925,-3.25535,3.3513,0.59604,171.33368
32.4359,3.03495,-6.18112,171.27406,-3.25729,3.3512,0.59092,171.41243
32.4564,3.00306,-5.9656,171.52232,-3.25325,3.35453,0.59338,171.65231
32.4779,3.04877,-6.11658,171.03789,-3.24958,3.34732,0.59261,171.17437
32.4992,2.96775,-6.2775,171.12662,-3.25007,3.35007,0.59218,171.26743
32.5198,2.86481,-5.97248,171.01729,-3.24339,3.34953,0.59,171.14552
32.5407,2.97303,-6.0388,171.08812,-3.232,3.34937,0.58918,171.22047
32.5613,2.91528,-6.33219,171.01401,-3.2579,3.34732,0.59217,171.15603
32.583,2.97852,-6.0926,171.10248,-3.25356,3.34869,0.58702,171.23682
32.6037,2.89376,-6.02226,171.39005,-3.25475,3.34859,0.58436,171.52023
32.6291,3.0784,-6.231,171.11783,-3.25918,3.34494,0.59078,171.25891
32.653,3.00816,-6.02427,170.95012,-3.24415,3.35401,0.59402,171.08268
32.6741,3.06071,-6.24751,170.93069,-3.25129,3.34981,0.59472,171.07221
32.7003,3.09312,-6.08287,170.96646,-3.24838,3.35328,0.58883,171.1026
32.7209,3.14319,-6.30759,170.95944,-3.25228,3.35104,0.59442,171.10464
32.7419,2.88973,-6.20664,170.99292,-3.24853,3.3571,0.59808,171.12993
32.7625,3.32715,-6.14769,171.14354,-3.25003,3.34863,0.59681,171.28624
32.7838,3.04344,-6.21276,171.10706,-3.24916,3.35414,0.5931,171.24686
32.8054,2.90017,-6.44492,171.31198,-3.24918,3.35891,0.60013,171.4577
32.8267,3.03926,-5.99937,171.25108,-3.25264,3.34998,0.59079,171.38309
32.8474,3.00544,-6.10202,171.46024,-3.25355,3.35441,0.59649,171.5951
32.8706,2.92408,-6.09333,171.12839,-3.25091,3.34968,0.59047,171.2618
32.8933,3.02419,-6.02584,171.05502,-3.24413,3.34806,0.59226,171.18784
32.9142,2.96301,-6.26516,171.18472,-3.25552,3.34531,0.59391,171.32496
32.9355,3.13872,-6.23178,171.27997,-3.25257,3.3508,0.59292,171.42204
32.9566,2.92848,-6.5076,171.05344,-3.26127,3.34637,0.59538,171.20223
32.9773,3.05077,-6.11275,171.15468,-3.24711,3.34642,0.59019,171.29097
32.9984,3.23317,-5.95494,171.16377,-3.24646,3.34834,0.58837,171.29785
33.0197,3.23727,-6.0029,171.33862,-3.24534,3.3462,0.59102,171.47431
33.0404,2.91676,-6.54653,171.24672,-3.26156,3.35089,0.59677,171.39663
33.0629,2.92515,-6.24497,170.95464,-3.25714,3.34788,0.59476,171.09367
33.0888,3.21523,-6.45099,170.86674,-3.25323,3.33837,0.5981,171.01871
33.1098,3.16198,-6.15314,170.97955,-3.24548,3.34355,0.59012,171.11945
33.1306,2.98471,-6.07948,171.29805,-3.253,3.34851,0.58622,171.43188
33.1512,3.03943,-6.08448,171.13309,-3.25373,3.34811,0.59162,171.26819
33.1729,3.00502,-6.57364,170.91727,-3.24679,3.34519,0.59715,171.07003
33.1947,3.08033,-6.03004,171.25594,-3.25731,3.35115,0.58966,171.38975
33.2158,3.06269,-6.35797,170.8773,-3.25593,3.34485,0.59413,171.02297
33.2402,3.05614,-6.27936,171.18361,-3.24806,3.3453,0.59567,171.326
33.2609,3.00505,-6.04061,171.32054,-3.24944,3.35707,0.59385,171.45334
33.2816,3.17329,-6.03654,170.98991,-3.24782,3.35408,0.59116,171.12586
33.3022,3.04911,-6.08303,171.11243,-3.25252,3.35399,0.59383,171.24767
33.3229,3.10337,-6.22855,170.87935,-3.24827,3.35317,0.59307,171.02099
33.3442,3.14032,-6.09153,170.8322,-3.2506,3.35617,0.59622,170.96961
33.3662,3.30832,-5.71016,171.21375,-3.24142,3.36462,0.58987,171.34088
33.3873,3.14465,-6.23016,170.97784,-3.25049,3.35335,0.5925,171.12021
33.4139,3.07457,-6.41317,171.15248,-3.25521,3.35374,0.59957,171.30019
33.4354,2.98927,-6.1518,171.28287,-3.25198,3.35578,0.58583,171.41937
33.4564,3.03934,-6.05967,171.21347,-3.24564,3.35167,0.58921,171.34763
33.4777,3.08809,-6.3328,171.17265,-3.25378,3.34857,0.59449,171.31759
33.4994,3.05862,-5.8547,171.38162,-3.25609,3.35022,0.58919,171.50887
33.5207,3.09456,-6.34722,171.17613,-3.251,3.35266,0.59824,171.32172
33.5468,2.94057,-6.12008,171.28508,-3.2497,3.35194,0.59109,171.4196
33.5679,2.97658,-6.02509,171.12328,-3.25121,3.34975,0.58872,171.25518
33.5887,3.03216,-6.23339,171.12238,-3.24296,3.35079,0.59315,171.26271
33.613,3.059,-6.13855,171.13843,-3.24632,3.35253,0.59292,171.2758
33.6337,3.01389,-6.14407,171.0455,-3.25041,3.3488,0.58929,171.18235
33.6555,3.03564,-5.95895,171.19885,-3.24958,3.34964,0.58961,171.32942
33.6768,3.023,-6.20544,171.15823,-3.25091,3.34607,0.59184,171.29736
33.6992,3.15618,-6.13664,171.12515,-3.24698,3.3517,0.58701,171.26423
33.72,3.13823,-5.89948,171.08295,-3.24435,3.35324,0.58722,171.2134
33.7406,3.10688,-5.9928,171.10062,-3.24307,3.35094,0.59152,171.23372
33.7617,3.1307,-5.95256,170.98691,-3.24289,3.34835,0.59198,171.11913
33.7829,2.98469,-5.95087,171.30942,-3.2523,3.35572,0.59134,171.43873
33.8035,3.07095,-6.0767,171.21895,-3.2488,3.34794,0.58969,171.35427
33.8257,2.81717,-6.24956,171.23033,-3.25913,3.35545,0.59136,171.3675
33.8514,3.08264,-6.17394,171.35959,-3.24368,3.35582,0.59215,171.49848
33.8727,2.97808,-6.06802,171.32918,-3.2471,3.34549,0.59229,171.46247
33.8942,3.08214,-6.34266,171.20013,-3.25278,3.34603,0.59242,171.34531
33.9149,2.98615,-6.23604,171.33376,-3.24842,3.35432,0.5905,171.47321
33.9361,2.88481,-6.31017,171.32635,-3.25346,3.34857,0.59597,171.46679
33.9568,3.09284,-6.342,171.25685,-3.2466,3.34717,0.59256,171.40215
33.9775,3.14428,-6.07239,170.97321,-3.24375,3.34634,0.59137,171.1099
33.9986,3.00044,-6.29139,171.08182,-3.25718,3.34241,0.59442,171.22375
34.0253,2.86349,-6.36107,171.24669,-3.25514,3.34973,0.59747,171.38871
34.0466,2.93341,-6.07885,171.22279,-3.24644,3.3593,0.5895,171.35578
34.0672,2.91756,-6.15065,171.15678,-3.24233,3.35151,0.59009,171.29211
34.0877,2.96092,-6.42818,170.98312,-3.25003,3.35202,0.59616,171.12953
34.1083,2.88732,-6.21939,170.99902,-3.26106,3.3485,0.59284,171.13645
34.1295,2.80792,-6.36714,171.20961,-3.2606,3.34865,0.58893,171.35097
34.15,2.97086,-6.20174,171.24933,-3.2522,3.34689,0.59272,171.38734
34.1714,3.04786,-6.26125,171.07932,-3.25096,3.35024,0.59251,171.22098
34.1921,2.95048,-6.2432,171.08047,-3.24229,3.35033,0.59861,171.21978
34.217,2.88391,-6.10998,171.24936,-3.25524,3.34607,0.59384,171.38259
34.2376,3.01876,-6.0803,171.21512,-3.24375,3.35547,0.5909,171.34964
34.2584,2.91753,-6.00002,171.32532,-3.24705,3.35407,0.58857,171.45517
34.2791,3.05612,-6.11277,171.32318,-3.24344,3.34879,0.58859,171.45944
34.2997,3.01385,-6.16498,171.20052,-3.24755,3.35206,0.5954,171.33799
34.3204,3.02719,-6.01236,171.31613,-3.25047,3.35206,0.59083,171.44833
34.3416,2.99316,-6.20101,171.12259,-3.25613,3.34044,0.59032,171.26106
34.3621,2.94105,-6.12563,171.28186,-3.24772,3.3508,0.59001,171.41659
34.3836,3.12303,-6.29866,171.16652,-3.24771,3.34677,0.59166,171.31084
34.4049,3.04874,-6.43523,171.22871,-3.25216,3.34808,0.59583,171.37672
34.4318,3.0781,-5.97621,171.16125,-3.24966,3.34844,0.5911,171.29321
34.4528,3.09587,-6.19308,171.10916,-3.24489,3.34845,0.5932,171.24919
34.4735,3.00559,-6.37703,171.08385,-3.26077,3.34878,0.59499,171.22904
34.4949,3.02487,-6.10652,170.95309,-3.24876,3.35208,0.58505,171.08887
34.5156,2.8587,-6.08142,171.12788,-3.2508,3.35127,0.59485,171.25977
34.538,3.02486,-6.11107,171.14734,-3.24862,3.35087,0.5979,171.28312
34.5601,2.93532,-6.21136,171.32375,-3.25115,3.35127,0.59531,171.46143
34.5839,2.98235,-6.21415,170.96275,-3.25276,3.34577,0.5935,171.10165
34.6048,2.94951,-6.01743,171.28416,-3.25508,3.34693,0.58677,171.41521
34.6257,2.91509,-6.15625,171.19182,-3.24873,3.35055,0.59025,171.32728
34.647,2.82668,-6.07993,171.23244,-3.24576,3.34548,0.59093,171.36366
34.6678,2.93694,-6.28451,171.30363,-3.24518,3.33822,0.59311,171.44403
34.6904,3.03924,-6.11708,171.28639,-3.24871,3.34574,0.58797,171.42253
34.7128,3.00716,-6.21794,170.98685,-3.24201,3.35677,0.59462,171.12629
34.7369,2.91985,-6.23555,171.29399,-3.25256,3.34705,0.59149,171.43232
34.7575,3.08045,-6.3023,171.32204,-3.25474,3.35271,0.59528,171.46559
34.7787,2.9768,-6.13507,171.2876,-3.24942,3.35518,0.5946,171.42328
34.8,3.02092,-6.16591,171.25797,-3.25063,3.34862,0.59067,171.39555
34.8213,3.16407,-6.08862,171.03116,-3.24878,3.34325,0.59173,171.16875
34.843,3.07293,-6.25595,171.27179,-3.24959,3.34044,0.59404,171.41355
34.8654,3.09991,-6.22027,171.04466,-3.25416,3.35431,0.59417,171.1858
34.8895,2.92394,-6.41276,171.03517,-3.2509,3.34967,0.59024,171.18032
34.9102,3.09661,-6.19516,171.38696,-3.24829,3.34467,0.59248,171.52685
34.9312,3.06995,-5.94207,171.22029,-3.25465,3.35126,0.59308,171.35087
34.9523,2.89976,-5.90461,171.05255,-3.24825,3.34453,0.58716,171.179
34.9731,2.87562,-5.94119,171.4791,-3.24955,3.35144,0.58628,171.60608
34.9948,3.09574,-6.07823,170.9579,-3.25075,3.34834,0.59281,171.09393
35.0162,3.12687,-6.30704,171.21417,-3.26102,3.34683,0.59195,171.35883
35.042,2.97251,-6.41559,171.12759,-3.25036,3.35305,0.59381,171.27361
35.0625,3.16248,-6.35724,171.14859,-3.25763,3.3405,0.59574,171.29581
35.0837,2.9371,-6.09973,171.07866,-3.25062,3.34365,0.58997,171.21256
35.1048,3.10252,-6.15725,170.92863,-3.25141,3.34479,0.58875,171.06763
35.1257,3.07706,-6.19033,171.28731,-3.25011,3.35086,0.59599,171.42675
35.1482,2.90355,-5.95026,171.31067,-3.24411,3.35169,0.59073,171.43856
35.1737,3.00137,-6.37702,171.11868,-3.25086,3.35081,0.59458,171.26377
35.1947,2.88877,-6.17708,171.26064,-3.24959,3.34732,0.58441,171.39634
35.2154,3.07237,-6.02329,171.27673,-3.24553,3.34552,0.59079,171.41015
35.236,2.89941,-6.16618,170.97221,-3.24716,3.35523,0.5889,171.10794
35.2572,2.95194,-6.27003,171.43555,-3.25032,3.35393,0.59346,171.57556
35.278,2.88939,-6.34322,171.14496,-3.25457,3.34245,0.58904,171.28684
35.2998,3.05577,-6.37685,171.14725,-3.2491,3.35187,0.59581,171.29326
35.321,3.16479,-6.41084,171.01283,-3.25092,3.34487,0.59526,171.16221
35.3467,3.09943,-6.33885,171.05511,-3.25399,3.34645,0.59496,171.20058
35.3675,3.03331,-6.33033,171.02319,-3.25393,3.34692,0.59458,171.16719
35.3884,2.9274,-6.73065,171.07124,-3.25873,3.34757,0.59772,171.22862
35.4097,2.91934,-6.16126,171.43394,-3.24838,3.34931,0.5889,171.56946
35.4307,3.06153,-6.36784,171.08363,-3.25659,3.34955,0.59536,171.22947
35.4531,3.04624,-6.22371,171.0034,-3.25394,3.348,0.59115,171.14373
35.4785,2.84005,-6.12159,171.51927,-3.24245,3.35188,0.59029,171.65197
35.4992,3.10013,-6.10567,171.34077,-3.26003,3.35087,0.59095,171.47755
35.5198,2.82221,-6.36465,171.245,-3.25356,3.35287,0.59378,171.38647
35.5407,3.05847,-6.14874,171.24007,-3.25879,3.33875,0.59079,171.37772
35.562,2.92531,-5.87944,171.32657,-3.25231,3.3525,0.58961,171.45238
35.5828,2.9467,-6.51197,171.23758,-3.25711,3.34944,0.59572,171.38669
35.6034,3.2687,-6.19804,171.09575,-3.25262,3.34051,0.59759,171.23918
35.6246,3.08453,-6.18128,171.00922,-3.24345,3.34685,0.59704,171.14869
35.6458,2.98666,-6.35923,171.36223,-3.26053,3.35195,0.5961,171.50619
35.6689,2.98977,-6.15585,171.00368,-3.25019,3.34136,0.59551,171.14056
35.6916,3.1308,-5.90793,171.16077,-3.24503,3.34813,0.59525,171.29131
35.7126,3.21119,-5.83099,170.92099,-3.24619,3.3517,0.5866,171.05057
35.7333,3.02061,-6.24574,171.51447,-3.25644,3.35535,0.59814,171.65473
35.754,3.04538,-6.27108,171.45123,-3.24425,3.35479,0.59317,171.59291
35.7749,3.2035,-5.93122,171.14114,-3.25521,3.34344,0.59212,171.27385
35.7957,2.94737,-6.26056,171.32185,-3.24736,3.34635,0.59528,171.46154
35.8162,3.0235,-6.11955,171.04407,-3.24569,3.3465,0.5935,171.18021
35.8371,3.04343,-6.11165,171.10199,-3.24565,3.3523,0.59471,171.23815
35.8575,2.98842,-5.97547,171.33369,-3.2481,3.35475,0.58983,171.46391
35.8786,2.88853,-6.29766,171.2101,-3.2468,3.34783,0.59268,171.35023
35.8993,3.01937,-5.76787,171.14789,-3.24008,3.34793,0.58593,171.27167
35.9199,3.10256,-6.16436,171.07153,-3.24935,3.35093,0.59385,171.21067
35.9412,2.90791,-6.55434,171.18831,-3.25034,3.34355,0.5938,171.33841
35.9625,2.87787,-6.54498,171.34424,-3.25558,3.34969,0.59219,171.49334
35.9874,2.99663,-6.0203,171.33311,-3.25194,3.34949,0.59493,171.46504
36.0083,2.91898,-6.27804,171.24228,-3.2604,3.34935,0.59807,171.38218
36.0288,3.15107,-6.07801,170.88004,-3.24405,3.34649,0.59381,171.01713
36.0518,3.15432,-6.37289,171.24707,-3.25057,3.34764,0.59729,171.39464
36.0725,2.94767,-6.01119,171.38139,-3.25184,3.34675,0.58639,171.51211
36.0937,3.15336,-5.98091,171.00037,-3.25137,3.34358,0.58982,171.13398
36.1149,3.0757,-6.06304,171.1866,-3.24724,3.34945,0.58937,171.32155
36.1411,2.97979,-6.02577,171.12254,-3.2421,3.35079,0.59068,171.25453
36.1621,2.95501,-6.00417,171.24675,-3.23947,3.35572,0.59057,171.37745
36.1833,2.91048,-6.33661,171.31973,-3.25682,3.35339,0.5964,171.46158
36.2038,3.07435,-6.03638,171.08791,-3.24704,3.34273,0.59252,171.22196
36.2243,2.87919,-6.19887,171.10432,-3.25304,3.35303,0.58639,171.24078
36.2448,3.08822,-5.91369,171.12352,-3.24787,3.35393,0.59198,171.25352
36.2672,3.10587,-6.15641,171.15889,-3.25262,3.34258,0.59303,171.29773
36.2927,2.99264,-5.97473,171.01947,-3.24795,3.34998,0.58651,171.14997
36.3147,3.02984,-6.13721,170.83066,-3.25589,3.34564,0.59475,170.96771
36.3363,2.90354,-6.36803,171.34338,-3.25397,3.35126,0.59066,171.48626
36.3574,2.97188,-6.34836,171.0576,-3.2529,3.34905,0.59263,171.20116
36.3783,2.97744,-6.25269,170.95737,-3.24682,3.345,0.59125,171.09758
36.399,3.15699,-6.06741,171.02182,-3.24754,3.34465,0.59757,171.15853
36.4208,2.93219,-6.30196,171.25871,-3.25708,3.35,0.59624,171.39971
36.4454,2.98669,-6.49596,171.17671,-3.24702,3.34996,0.59589,171.32596
36.4664,3.09025,-6.18028,171.03958,-3.23566,3.36053,0.59514,171.1791
36.487,3.1429,-5.70192,170.92352,-3.24169,3.35752,0.5879,171.04748
36.5075,2.99959,-6.36791,171.10472,-3.25802,3.35449,0.59063,171.24945
36.5281,2.94208,-6.2571,171.24149,-3.26094,3.36583,0.59089,171.38102
36.5506,3.08962,-6.08527,171.11169,-3.25461,3.35949,0.59253,171.24774
36.5716,3.07678,-6.27892,171.07739,-3.26131,3.35749,0.59504,171.22023
36.5924,3.05273,-6.09389,170.98274,-3.25376,3.36074,0.59524,171.11853
36.6187,3.05026,-6.04686,171.10538,-3.24993,3.35353,0.58892,171.23936
36.6393,2.97842,-6.14609,171.17332,-3.25002,3.34754,0.59678,171.30952
36.66,3.02045,-6.41134,171.19746,-3.25995,3.35807,0.59286,171.3441
36.6816,3.00061,-6.23813,171.03891,-3.25561,3.35062,0.59496,171.17893
36.7025,3.17527,-6.3182,171.0966,-3.25084,3.35369,0.60081,171.24266
36.724,3.1082,-6.01999,171.07037,-3.2464,3.35636,0.59224,171.20448
36.7452,3.09393,-6.06525,170.84724,-3.25305,3.35264,0.5901,170.98287
36.7667,3.20629,-6.16238,171.07274,-3.25104,3.35566,0.59949,171.21372
36.7872,3.06062,-6.02314,171.08159,-3.24141,3.35273,0.59234,171.21494
36.8081,3.11462,-6.17428,171.19693,-3.24751,3.35051,0.59406,171.33654
36.8296,3.09448,-6.17157,171.17726,-3.25102,3.35247,0.59536,171.31643
36.8531,3.0815,-6.042,171.34172,-3.24998,3.35178,0.5912,171.47591
36.874,2.97939,-6.52556,171.0336,-3.26017,3.35047,0.59688,171.18397
36.8947,2.98288,-6.01716,171.16611,-3.2451,3.35383,0.59116,171.29781
36.9154,2.95252,-6.32256,171.11954,-3.25292,3.34993,0.5958,171.26175
36.9367,2.78117,-6.16106,171.46042,-3.25129,3.35477,0.58847,171.59362
36.9574,3.05405,-6.05159,170.96368,-3.25926,3.34641,0.5877,171.09801
36.9786,3.03178,-5.99732,171.11815,-3.25084,3.3458,0.58997,171.25005
36.9999,3.14443,-6.2735,171.27887,-3.24882,3.35443,0.60085,171.42256
37.021,3.03607,-6.32661,171.06306,-3.25556,3.3439,0.59276,171.20694
37.0418,2.97382,-6.29335,171.261,-3.24374,3.34583,0.59382,171.40239
37.0635,3.11695,-6.2061,170.96429,-3.26447,3.34556,0.58858,171.10529
37.0843,2.87161,-6.18923,171.05687,-3.25035,3.34417,0.58907,171.19289
37.1094,3.0701,-5.91003,171.35472,-3.24946,3.35173,0.59177,171.48409
37.1304,2.854,-6.19877,171.26614,-3.24759,3.35506,0.5931,171.40205
37.151,3.01244,-6.17305,171.10146,-3.23505,3.35162,0.59578,171.23928
37.1721,3.14072,-6.18575,171.35069,-3.25476,3.3517,0.59406,171.49107
37.1927,3.05251,-6.19572,171.33455,-3.25227,3.35073,0.5893,171.47371
37.2132,3.024,-6.13788,171.33429,-3.24734,3.34998,0.59014,171.47086
37.2343,2.97252,-5.89363,171.207,-3.25014,3.34816,0.59086,171.3342
37.2557,2.97352,-6.35135,171.11015,-3.26142,3.34884,0.59597,171.25381
37.2818,3.16442,-6.24316,171.18594,-3.25447,3.34805,0.59252,171.32898
37.3024,3.15822,-6.04855,171.15218,-3.24697,3.3542,0.59305,171.28814
37.3231,3.07606,-6.0444,171.21266,-3.24645,3.35194,0.58777,171.34694
37.3443,3.18864,-5.96649,171.00211,-3.25117,3.35228,0.59036,171.13587
37.3657,3.03435,-6.12158,171.17342,-3.25693,3.34482,0.59068,171.30972
37.3866,2.99378,-6.15328,171.00316,-3.25642,3.34512,0.59089,171.14002
37.4079,3.00242,-6.01372,171.12395,-3.2531,3.34767,0.58957,171.2559
37.4342,2.98551,-6.32523,171.38191,-3.25774,3.34932,0.59544,171.52458
37.4553,3.09236,-6.07735,171.14026,-3.24641,3.34747,0.59383,171.27605
37.4761,2.79346,-6.29299,171.34048,-3.24691,3.35162,0.59354,171.47876
37.4973,2.88959,-6.11788,171.37869,-3.24415,3.35147,0.58804,171.5122
37.5183,2.98951,-6.40721,171.17377,-3.25324,3.34665,0.59588,171.31972
37.5393,2.92504,-6.10283,170.9655,-3.24524,3.34854,0.5948,171.09939
37.5602,2.93857,-6.11616,171.04631,-3.24905,3.3488,0.58714,171.18085
37.5814,3.04704,-6.03055,171.40222,-3.24885,3.34905,0.59085,171.53534
37.6044,3.0648,-6.28617,171.13533,-3.25399,3.34596,0.593,171.27817
37.6284,3.01505,-6.07817,171.07613,-3.24665,3.34984,0.59132,171.21062
37.6493,2.90079,-5.9911,171.22672,-3.24909,3.35207,0.58643,171.35605
37.6707,3.02877,-6.14911,171.17096,-3.25258,3.34582,0.59141,171.30815
37.6928,2.8908,-6.17083,171.28229,-3.25372,3.35394,0.58922,171.41779
37.7141,2.90957,-6.27509,171.10474,-3.25806,3.34658,0.59112,171.24448
37.7415,2.98188,-6.25309,171.08253,-3.25372,3.33985,0.59519,171.22274
37.7623,3.07885,-5.93874,171.24948,-3.24745,3.35253,0.58979,171.38008
37.7832,2.95346,-6.06715,171.30153,-3.2508,3.35649,0.59129,171.43438
37.8044,3.02482,-6.11899,171.03835,-3.25347,3.34711,0.59251,171.17449
37.8249,3.0602,-5.96166,171.106,-3.25162,3.34463,0.58577,171.23718
37.8474,3.06576,-6.27587,171.30371,-3.25,3.34995,0.59323,171.44605
37.8738,2.94209,-6.18644,171.11449,-3.24671,3.34589,0.59364,171.25156
37.8947,3.08794,-5.94155,171.17285,-3.23928,3.34875,0.58943,171.30377
37.9154,3.08184,-6.16739,171.09372,-3.24797,3.3528,0.59188,171.23258
37.9359,2.96381,-6.30472,171.40942,-3.25752,3.35179,0.5905,171.55094
37.9572,3.01533,-6.49802,171.48692,-3.26119,3.34643,0.59616,171.63648
37.978,3.05234,-6.4159,171.17844,-3.25718,3.34794,0.5926,171.32582
37.999,2.93415,-6.18078,171.01825,-3.25055,3.34476,0.59037,171.15506
38.0204,2.97989,-6.02288,171.14514,-3.24628,3.34697,0.59308,171.27701
38.0476,3.04351,-6.03714,171.14635,-3.25444,3.34861,0.58716,171.27984
38.0683,2.92549,-6.54401,170.98578,-3.257,3.34425,0.59643,171.13597
38.089,2.96497,-6.31245,171.12068,-3.25407,3.35043,0.5919,171.26274
38.1103,3.0363,-6.25429,171.01572,-3.25594,3.34458,0.59115,171.15698
38.1311,2.96755,-6.02146,170.97945,-3.24186,3.35129,0.59293,171.11118
38.1517,3.14843,-5.93088,171.08946,-3.24975,3.34421,0.58809,171.22118
38.1729,2.89969,-5.8036,171.44226,-3.24425,3.35659,0.58486,171.56497
38.194,3.09208,-6.10985,170.99625,-3.2418,3.34972,0.59293,171.1333
38.2144,3.01893,-6.53486,171.15379,-3.24995,3.33939,0.59562,171.30511
38.2349,3.08275,-6.06575,171.39017,-3.24914,3.35415,0.59021,171.52518
38.2569,2.98132,-5.94638,171.49966,-3.25578,3.35054,0.59158,171.62862
38.2814,2.94253,-6.10204,171.05461,-3.24812,3.34431,0.59213,171.18871
38.3023,3.11418,-6.16407,171.11139,-3.25189,3.34346,0.59254,171.2507
38.323,2.89362,-6.22999,171.29643,-3.25065,3.35298,0.5922,171.43411
38.3442,3.05485,-5.95351,171.31149,-3.25003,3.35039,0.58599,171.44213
38.3648,3.01708,-6.16706,171.31659,-3.25114,3.3496,0.59447,171.4541
38.3852,3.00355,-6.02513,171.31949,-3.25305,3.34913,0.58939,171.45172
38.4069,3.18125,-6.10631,171.12198,-3.25657,3.34525,0.59419,171.26044
38.4282,3.01517,-6.00823,171.24988,-3.25106,3.3495,0.59179,171.38177
38.4547,2.96552,-6.35506,171.10913,-3.24446,3.34723,0.59572,171.25278
38.4752,2.83233,-6.24988,171.40068,-3.25364,3.35225,0.59069,171.53797
38.4975,3.05432,-5.96866,171.24294,-3.24915,3.35398,0.58789,171.37414
38.5181,3.02242,-6.07531,171.14925,-3.24501,3.34956,0.59172,171.28371
38.5387,3.09822,-6.21522,170.96796,-3.24831,3.34862,0.59413,171.10894
38.5603,3.08877,-6.28895,171.12199,-3.25203,3.34398,0.59266,171.26537
38.5861,2.90411,-6.30885,171.2614,-3.25709,3.35015,0.59452,171.40216
38.6071,3.05453,-6.03848,171.1955,-3.25514,3.35027,0.59068,171.32919
38.6277,2.95762,-6.26982,171.20528,-3.25513,3.3598,0.59231,171.34557
38.649,2.9962,-5.89855,171.17552,-3.24515,3.36618,0.59204,171.30333
38.6702,3.12111,-5.96045,171.06677,-3.24662,3.35818,0.59306,171.19903
38.6908,3.10509,-6.63533,171.00888,-3.25862,3.35584,0.59976,171.16573
38.7133,3.12224,-6.07785,171.19939,-3.24773,3.35441,0.59424,171.33569
38.7387,2.85714,-6.27631,171.24391,-3.25581,3.35611,0.59794,171.38271
38.7597,3.02454,-6.08425,171.10561,-3.25458,3.35026,0.58698,171.24046
38.7802,3.0353,-6.00589,171.10667,-3.25311,3.35127,0.58843,171.23895
38.8012,2.98524,-6.27489,171.05444,-3.25156,3.35246,0.59641,171.19553
38.8225,3.10142,-6.0311,170.9662,-3.24697,3.35452,0.58911,171.10066
38.8436,3.13852,-6.15165,171.02988,-3.24996,3.35542,0.59068,171.16925
38.8643,3.21507,-6.42831,171.25768,-3.25882,3.34794,0.5936,171.40843
38.8855,2.98543,-6.05838,170.95097,-3.25736,3.35251,0.58892,171.08434
38.9063,2.84916,-6.12128,171.10776,-3.24954,3.35955,0.59296,171.24092
38.9268,3.08069,-6.25053,171.16055,-3.25154,3.35216,0.59472,171.30235
38.9476,3.03859,-6.18629,170.98868,-3.25141,3.34553,0.59377,171.12753
38.9689,3.12808,-6.01926,170.86909,-3.25016,3.34536,0.58978,171.0037
38.9933,2.99224,-5.913,171.05151,-3.23869,3.35193,0.58856,171.17984
39.0142,2.98735,-6.20741,171.10805,-3.25393,3.34529,0.59092,171.24666
39.0347,2.99409,-6.19956,171.16119,-3.25571,3.34652,0.59435,171.2996
39.0552,2.93762,-6.29901,171.19083,-3.24708,3.35684,0.59616,171.33186
39.0758,2.9974,-6.08755,171.2899,-3.2448,3.35009,0.59305,171.42425
39.0965,2.93686,-5.84228,171.14056,-3.24793,3.35632,0.59108,171.26544
39.119,3.10508,-6.096,171.24361,-3.24885,3.35122,0.5887,171.38021
39.1404,3.09834,-6.03443,171.30464,-3.2545,3.35257,0.59138,171.43889
39.1619,3.01955,-6.09673,171.45598,-3.24374,3.35723,0.59092,171.59091
39.1824,3.1737,-6.25443,171.17532,-3.2521,3.34717,0.595,171.31895
39.2029,2.98437,-6.18546,171.16133,-3.2543,3.34519,0.59334,171.29906
39.2244,2.89716,-6.26618,171.22517,-3.25204,3.34484,0.59494,171.36429
39.2494,3.09823,-6.06464,170.94849,-3.24909,3.35132,0.59631,171.08408
39.2703,2.78688,-6.22878,171.08197,-3.2547,3.35202,0.59122,171.218
39.2909,2.98609,-6.16929,171.40819,-3.24427,3.34933,0.59038,171.54517
39.3115,2.93217,-5.96558,171.37262,-3.24226,3.35764,0.58498,171.50149
39.3334,2.93817,-6.12229,171.39696,-3.25215,3.35089,0.59092,171.53143
39.3548,3.02374,-6.05559,171.1356,-3.24945,3.34823,0.58935,171.2694
39.3765,3.12071,-6.07548,171.21703,-3.25401,3.34072,0.59083,171.3532
39.3973,3.13477,-6.0588,171.07875,-3.23967,3.35042,0.5883,171.2147
39.4224,3.0173,-6.11193,171.04124,-3.24214,3.34721,0.59381,171.17701
39.4432,2.90584,-6.00821,171.34335,-3.25495,3.34992,0.58368,171.47328
39.4639,3.08049,-6.17934,171.00626,-3.25722,3.34895,0.59119,171.14559
39.4844,2.97542,-5.92125,171.20314,-3.25252,3.34968,0.58709,171.33134
39.5048,3.11823,-6.23949,171.09808,-3.24978,3.34083,0.59321,171.24021
39.5262,3.18032,-6.11795,171.0546,-3.24726,3.35023,0.59398,171.19351
39.5474,2.86272,-6.34281,171.16946,-3.25393,3.3493,0.58933,171.31086
39.5686,2.8743,-6.41715,171.10106,-3.25498,3.34929,0.58872,171.24548
39.5894,3.10789,-6.12416,171.3546,-3.24344,3.35646,0.58914,171.49217
39.6111,2.89611,-6.0818,171.41557,-3.24802,3.3536,0.59343,171.54788
39.6323,2.95945,-6.13472,171.287,-3.25097,3.35113,0.59414,171.42237
39.6555,2.91583,-6.19655,171.21895,-3.24314,3.35432,0.59484,171.35585
39.6763,3.03075,-6.33606,171.1144,-3.2502,3.34832,0.5955,171.25848
39.6968,3.02152,-6.19295,171.21628,-3.24829,3.35611,0.59291,171.35488
39.7177,2.92627,-6.10492,171.14175,-3.25351,3.35126,0.58959,171.27561
39.7389,3.06704,-6.24897,171.29207,-3.2545,3.35559,0.59082,171.43345
39.76,3.08468,-5.77624,171.33484,-3.24713,3.36095,0.58588,171.45993
39.7812,3.02865,-6.00332,171.28546,-3.25279,3.34829,0.5972,171.41739
39.8027,2.97253,-6.25127,171.33704,-3.24897,3.36209,0.59169,171.4768
39.8286,2.97725,-6.18754,171.16568,-3.25405,3.34712,0.59146,171.30336
39.849,2.93888,-6.37662,171.21982,-3.25988,3.35617,0.59418,171.36372
39.8703,2.9655,-6.12585,171.0782,-3.24914,3.353,0.5894,171.21353
39.8914,3.14311,-6.21329,171.08511,-3.25148,3.35174,0.59579,171.22675
39.9124,2.99508,-6.13167,171.06506,-3.25149,3.35818,0.59368,171.20112
39.9337,3.10258,-6.32451,171.06691,-3.24809,3.34947,0.59449,171.2119
39.955,3.08455,-5.93367,171.05562,-3.25057,3.35908,0.58966,171.18629
39.9811,3.17979,-5.92473,171.21858,-3.24758,3.35477,0.59232,171.35057
40.002,3.04778,-5.84558,171.32816,-3.23808,3.35482,0.58664,171.45494
40.0225,2.79998,-6.55386,171.20059,-3.25738,3.35733,0.5968,171.34887
40.0437,3.06864,-6.14062,171.29478,-3.25204,3.34866,0.59082,171.43228
40.0646,2.96417,-6.50695,171.30162,-3.24783,3.34423,0.59475,171.45079
40.0871,3.09175,-6.2395,171.25529,-3.2496,3.35669,0.59468,171.39681
40.1098,3.03149,-6.29402,171.15558,-3.25391,3.36077,0.58997,171.29809
40.1339,3.11107,-6.15465,171.11649,-3.25569,3.35242,0.59277,171.25539
40.1544,3.02975,-6.18444,171.10249,-3.25268,3.36062,0.58973,171.24103
40.1751,3.17989,-6.40519,171.14592,-3.25531,3.35547,0.59654,171.29525
40.1962,2.87802,-6.37367,171.15594,-3.2548,3.34948,0.59505,171.29876
40.2172,2.9967,-6.29807,171.01768,-3.24992,3.35069,0.58956,171.15985
40.2386,3.09791,-6.09074,171.06493,-3.24158,3.34996,0.59209,171.20135
40.2598,3.06832,-5.96907,171.40631,-3.2489,3.34627,0.58944,171.53766
40.281,3.034,-5.99275,171.20299,-3.26249,3.34227,0.5945,171.33471
40.3032,3.09899,-6.02244,171.11298,-3.24962,3.34782,0.59585,171.24697
40.3261,2.94323,-5.96212,171.30273,-3.24062,3.34668,0.59019,171.43172
40.3474,2.90215,-6.23488,171.1815,-3.25069,3.35306,0.59346,171.31959
40.3681,3.04055,-6.55209,170.93697,-3.25728,3.34392,0.5991,171.08951
40.3896,2.96521,-6.34752,171.18626,-3.2563,3.3483,0.59316,171.32957
40.4111,3.09866,-6.17899,171.17409,-3.25311,3.35792,0.59408,171.3136
40.4321,3.05305,-6.33558,171.11446,-3.24184,3.35039,0.59648,171.25892
40.4528,3.11506,-6.22476,170.91791,-3.24723,3.3484,0.59515,171.05959
40.4735,2.94123,-6.18589,171.24336,-3.25036,3.35148,0.59106,171.38029
40.4947,3.03895,-5.99572,171.17613,-3.24456,3.34911,0.59306,171.30806
40.5206,2.93728,-6.44041,171.15607,-3.25462,3.34753,0.5948,171.30238
40.5414,2.95936,-6.10826,171.10422,-3.24532,3.35199,0.58982,171.23879
40.5622,3.00301,-6.14437,171.1274,-3.25256,3.35007,0.5934,171.264
40.5833,2.88505,-6.16255,171.24055,-3.25524,3.34912,0.59139,171.37569
40.6039,2.84218,-6.12996,171.08505,-3.25017,3.34642,0.59388,171.21843
40.6249,3.00874,-6.26501,171.3448,-3.2532,3.35683,0.59583,171.4857
40.6458,3.0428,-6.48551,171.09546,-3.2566,3.34538,0.59547,171.24537
40.667,3.11616,-6.34868,171.20236,-3.24622,3.34243,0.59783,171.34837
40.6927,3.19078,-6.06589,171.16522,-3.25346,3.34679,0.59217,171.30239
40.7132,2.99709,-6.16833,171.3766,-3.25048,3.35237,0.58954,171.51376
40.7338,3.10441,-6.09637,171.24567,-3.24585,3.34655,0.59159,171.38227
40.7549,2.95508,-6.15417,171.2123,-3.24854,3.35383,0.59081,171.34835
40.7758,3.08559,-6.15522,171.00377,-3.2473,3.35105,0.59967,171.14233
40.797,2.82052,-6.38601,171.26419,-3.25451,3.34834,0.59363,171.40642
40.8182,3.12298,-6.19088,171.14243,-3.25023,3.35088,0.59221,171.28284
40.8389,2.90852,-6.21509,171.0961,-3.2466,3.35159,0.59082,171.23365
40.8596,3.0635,-6.24806,171.10771,-3.24649,3.34171,0.59,171.24915
40.8801,2.89825,-6.03684,171.38152,-3.25967,3.35091,0.58447,171.51229
40.9008,3.00774,-6.28073,171.18573,-3.24829,3.34789,0.5976,171.32731
40.9214,2.91323,-6.31242,171.08977,-3.25107,3.34809,0.59163,171.23096
40.9469,3.00539,-6.20701,171.08098,-3.24945,3.34486,0.59193,171.21992
40.9676,3.12001,-6.02212,171.27827,-3.25586,3.34923,0.59392,171.41251
40.9887,2.97434,-6.27461,171.17221,-3.24917,3.35111,0.59256,171.313
41.0097,2.90639,-6.09766,171.41048,-3.24732,3.35437,0.58947,171.54352
41.0308,2.96897,-6.22835,171.17938,-3.25312,3.35163,0.59291,171.31838
41.0522,2.99441,-6.04193,171.14743,-3.24707,3.34875,0.5894,171.28022
41.0726,3.07772,-6.01479,171.18269,-3.24587,3.35042,0.59258,171.31598
41.0936,3.05502,-6.37739,171.01724,-3.25694,3.34911,0.59518,171.16338
41.1167,2.94681,-6.05936,171.23978,-3.24956,3.35086,0.58704,171.37229
41.1394,2.93244,-6.18649,171.0381,-3.25187,3.34362,0.58829,171.17507
41.16,2.94527,-6.20916,171.28342,-3.26136,3.35265,0.59169,171.42123
41.1807,2.99322,-6.08542,171.26822,-3.24429,3.34986,0.59421,171.40243
41.2013,3.03493,-6.19009,170.92757,-3.2504,3.34362,0.59183,171.06654
41.2218,2.93119,-6.32062,170.88962,-3.24639,3.35447,0.59544,171.03159
41.243,2.95064,-6.12531,171.25108,-3.24801,3.34767,0.59035,171.386
41.2641,2.99674,-6.19792,171.28085,-3.2525,3.34283,0.58982,171.41915
41.285,2.95983,-6.43852,171.2065,-3.25786,3.34876,0.59533,171.35309
41.3056,3.00531,-5.98281,171.2513,-3.24782,3.35666,0.58737,171.38212
41.3268,3.06906,-6.13127,171.31944,-3.24839,3.34909,0.59113,171.45659
41.3485,3.01019,-5.98535,171.06419,-3.25105,3.3532,0.58938,171.19534
41.3708,2.9796,-6.20974,171.15414,-3.25095,3.34713,0.59496,171.29267
41.3935,3.04983,-6.29631,171.18723,-3.25117,3.35366,0.59806,171.33012
41.4143,2.93282,-6.18988,171.23662,-3.24111,3.34983,0.58976,171.37356
41.4348,3.07948,-6.31794,171.14476,-3.2502,3.34431,0.5963,171.28902
41.4557,3.07309,-6.20809,171.34596,-3.25051,3.35043,0.59452,171.48593
41.4765,2.95855,-6.3339,171.29539,-3.25604,3.34731,0.59378,171.43799
41.4978,3.14857,-6.16572,171.11679,-3.25127,3.34391,0.58992,171.25678
41.5185,3.0652,-6.28953,171.33534,-3.25579,3.34457,0.59438,171.47814
41.5391,3.05428,-6.29608,171.30101,-3.2572,3.34731,0.59726,171.44388
41.561,2.92674,-6.52438,171.35059,-3.26114,3.34582,0.59372,171.49973
41.5833,2.95366,-6.0415,171.34445,-3.24632,3.35723,0.59327,171.47637
41.6083,2.97312,-6.4253,171.0826,-3.25281,3.34786,0.59596,171.22902
41.6291,2.82296,-6.4595,171.18893,-3.25663,3.34463,0.59077,171.33402
41.6503,3.08967,-6.19142,171.13956,-3.24944,3.34777,0.59538,171.27938
41.6724,3.00696,-6.07352,171.10387,-3.2495,3.35077,0.58916,171.23803
41.6942,3.11653,-6.07885,171.19478,-3.255,3.34332,0.5868,171.33102
41.715,3.09145,-6.26825,171.09261,-3.25393,3.34548,0.59274,171.2353
41.7371,3.13307,-6.26763,170.93591,-3.25509,3.34391,0.59041,171.07947
41.7616,2.98573,-6.47189,170.99524,-3.25349,3.35169,0.59236,171.14372
41.7822,2.9386,-6.2214,171.09663,-3.2504,3.34859,0.58919,171.23492
41.8034,2.91768,-6.01534,171.41682,-3.25946,3.35173,0.59268,171.54715
41.8241,3.11862,-6.22588,171.00227,-3.25392,3.34906,0.59328,171.14399
41.845,2.99357,-6.16878,171.21329,-3.24665,3.35237,0.59243,171.35053
41.8674,3.00844,-6.6252,171.06854,-3.26283,3.34392,0.59835,171.22322
41.893,3.03026,-6.14038,171.12752,-3.25132,3.35182,0.59164,171.26446
41.9138,2.89097,-5.86248,171.18759,-3.24287,3.35005,0.5918,171.31234
41.9346,2.98783,-6.16308,171.18277,-3.25314,3.34797,0.59184,171.31973
41.9552,2.88334,-6.22714,171.37405,-3.24843,3.35565,0.59369,171.51139
41.9786,3.26737,-6.22144,170.71404,-3.24628,3.34519,0.59161,170.85861
42.0012,3.09076,-6.03607,171.58479,-3.24751,3.35072,0.59152,171.71875
42.0248,2.81417,-6.2551,171.27809,-3.25796,3.35541,0.59459,171.41537
42.0455,3.09122,-6.16646,171.05991,-3.25035,3.35085,0.59532,171.19893
42.0663,2.75759,-6.16475,171.29568,-3.25067,3.35206,0.58811,171.42876
42.0871,3.00387,-6.32673,171.09209,-3.25175,3.3517,0.59272,171.23537
42.1082,2.96894,-6.07301,171.25015,-3.24344,3.351,0.59029,171.38352
42.1288,2.96382,-6.3052,171.44821,-3.24584,3.35496,0.59256,171.58971
42.1496,2.99793,-6.3946,171.27547,-3.25044,3.35597,0.59295,171.42101
42.1717,2.98633,-6.45906,170.98248,-3.25743,3.33951,0.59308,171.1305
42.1933,2.86735,-6.50675,171.11528,-3.25612,3.34768,0.59213,171.26295
42.2184,3.098,-6.28601,171.05598,-3.25724,3.34481,0.59281,171.19948
42.239,2.86476,-6.03671,171.30235,-3.2506,3.35671,0.58661,171.43262
42.2601,2.88305,-6.38422,170.93539,-3.25791,3.34425,0.59384,171.07887
42.2814,3.18506,-6.08362,171.07207,-3.24364,3.35054,0.59148,171.20983
42.3022,3.07585,-6.19316,171.27563,-3.25683,3.34895,0.59293,171.41517
42.3247,3.13067,-6.22288,171.1196,-3.25319,3.34914,0.59306,171.26133
42.3462,3.17013,-6.32119,171.01936,-3.2629,3.35466,0.59397,171.1655
42.3714,3.11155,-6.08326,171.1586,-3.24551,3.34909,0.59058,171.29493
42.3923,2.88888,-6.18452,171.35088,-3.24623,3.35348,0.5907,171.48678
42.413,3.10347,-6.03521,170.94731,-3.24851,3.34891,0.59612,171.08196
42.4344,3.01846,-6.17623,171.21739,-3.25106,3.34724,0.59092,171.35534
42.4562,2.97289,-6.23481,171.28368,-3.25448,3.34872,0.59184,171.42289
42.4774,2.99218,-6.24918,171.24336,-3.2481,3.34818,0.59095,171.38347
42.4997,3.08493,-6.14598,171.07997,-3.24612,3.34707,0.59037,171.21813
42.5238,3.0529,-6.24147,171.03618,-3.25227,3.35139,0.59301,171.17725
42.5445,2.99256,-6.14631,171.11417,-3.24519,3.35043,0.5904,171.25067
42.5662,3.12824,-6.07723,171.16997,-3.25652,3.34764,0.59388,171.30638
42.5874,3.20984,-5.93862,171.1254,-3.24721,3.35008,0.5906,171.25849
42.6093,3.1177,-6.19994,171.09264,-3.24827,3.33836,0.59602,171.23332
42.6305,3.00867,-5.94618,171.2269,-3.24775,3.34418,0.58859,171.35653
42.6555,3.02678,-6.304,171.07629,-3.25965,3.35124,0.59105,171.21916
42.6765,3.09543,-6.36394,171.07491,-3.25239,3.34427,0.5933,171.22122
42.6973,2.9422,-6.43348,171.20514,-3.25332,3.34441,0.59682,171.35124
42.7189,3.14754,-6.16585,171.12135,-3.24612,3.34846,0.59283,171.26133
42.741,3.12363,-5.9306,171.15225,-3.252,3.34483,0.59148,171.28346
42.7617,3.22237,-6.49522,170.91406,-3.24896,3.33866,0.60108,171.06779
42.7828,2.97716,-6.50505,171.15666,-3.25095,3.34658,0.59488,171.30611
42.8044,3.03917,-6.28867,171.09341,-3.25041,3.35472,0.59268,171.23592
42.828,2.93155,-6.28699,171.05426,-3.26378,3.3521,0.59119,171.19486
42.8488,2.9426,-6.31842,171.23679,-3.25957,3.34577,0.58935,171.37858
42.8699,3.10007,-6.22525,171.14543,-3.24529,3.34871,0.5945,171.28667
42.8911,3.01162,-6.01489,170.94283,-3.2414,3.34994,0.58648,171.07512
42.9118,3.04843,-6.33465,170.84032,-3.24316,3.34212,0.59707,170.9849
42.9326,2.90984,-6.16274,171.18819,-3.24217,3.35297,0.59259,171.32379
42.9537,2.92613,-6.2334,171.05986,-3.25358,3.35156,0.58914,171.1984
42.9748,3.13915,-6.17797,171.12889,-3.25056,3.34265,0.59262,171.26914
42.9954,2.97088,-6.14774,171.40103,-3.25172,3.35408,0.59148,171.53698
43.0174,2.89138,-6.37918,171.16217,-3.2516,3.35302,0.59384,171.30541
43.0408,3.11029,-6.34763,171.20392,-3.25827,3.34848,0.59576,171.34978
43.0614,3.31682,-6.22116,171.05447,-3.25581,3.34041,0.5945,171.1997
43.0835,2.95849,-6.31567,171.17746,-3.25323,3.34851,0.59216,171.31948
43.1042,2.97379,-6.27244,171.14355,-3.25233,3.34533,0.59261,171.28428
43.1255,3.09637,-6.22325,171.09946,-3.25617,3.35188,0.59056,171.24059
43.1461,3.10105,-6.21847,171.06374,-3.25457,3.35082,0.58924,171.20481
43.168,3.24077,-6.56358,170.81456,-3.26213,3.35345,0.59794,170.97133
43.1937,3.10533,-6.43831,171.16072,-3.25206,3.36362,0.59419,171.30992
43.2145,3.03694,-6.18662,171.06297,-3.25022,3.3579,0.59101,171.20175
43.2354,3.19183,-6.02539,171.22849,-3.25497,3.33938,0.58924,171.36419
43.2562,2.93371,-6.07399,171.35669,-3.24358,3.35311,0.58826,171.4894
43.2768,3.00738,-6.17119,171.1032,-3.24579,3.35532,0.59393,171.24086
43.298,2.94376,-6.35237,171.00906,-3.25122,3.34384,0.59337,171.15232
43.3187,3.07964,-5.97972,171.31033,-3.24901,3.34261,0.5909,171.44233
43.3395,2.86643,-6.18202,171.34354,-3.24595,3.3582,0.59175,171.47898
43.3606,3.10132,-6.15245,171.34167,-3.25569,3.3536,0.59279,171.48015
43.3817,3.15274,-6.08927,171.05751,-3.25963,3.35184,0.58847,171.19489
43.405,3.14005,-6.18526,170.88397,-3.25008,3.35192,0.59369,171.0247
43.4263,3.08285,-6.23502,171.01683,-3.25701,3.35834,0.59763,171.15822
43.4479,3.14253,-6.10418,171.2327,-3.25599,3.36242,0.59896,171.37028
43.4686,2.89094,-6.16421,170.91931,-3.24678,3.35652,0.58984,171.05486
43.4895,3.01938,-6.3538,171.00624,-3.26197,3.3477,0.59635,171.15087
43.5102,3.12176,-6.20492,171.09181,-3.24917,3.33972,0.59322,171.23275
43.5308,2.90688,-6.19223,171.38116,-3.25158,3.33223,0.58805,171.51763
43.552,3.01585,-6.18751,171.24147,-3.23668,3.3342,0.59268,171.37976
43.5728,2.97667,-6.02648,171.1288,-3.24955,3.34373,0.59341,171.26075
43.5953,2.91036,-6.15104,171.31667,-3.25022,3.34996,0.59373,171.45176
43.6159,2.85496,-6.44514,171.34441,-3.25903,3.35475,0.59719,171.48935
43.6418,3.03523,-6.00576,171.3886,-3.24818,3.35476,0.59034,171.52065
43.6625,3.04556,-6.1985,171.21832,-3.24404,3.34705,0.5959,171.35755
43.6832,2.88682,-6.15391,171.31848,-3.24716,3.34793,0.58676,171.45328
43.7044,2.99528,-6.419,171.24879,-3.2592,3.34925,0.59188,171.39523
43.7255,2.97452,-6.21168,171.05316,-3.25211,3.34336,0.59416,171.19175
43.7466,3.1214,-6.18936,171.0869,-3.25346,3.34043,0.59531,171.22727
43.767,3.01376,-5.82011,171.29901,-3.24287,3.33863,0.58794,171.42435
43.7883,2.82041,-6.24897,171.50385,-3.25491,3.34329,0.59024,171.64083
43.8112,3.07923,-6.48408,171.10164,-3.25523,3.34452,0.59666,171.25214
43.8339,2.99366,-6.55818,171.14217,-3.25563,3.34608,0.60041,171.29394
43.8546,3.18146,-5.98272,171.33386,-3.25181,3.35061,0.58884,171.4678
43.8754,2.84243,-6.05754,171.29369,-3.24728,3.35471,0.59032,171.42433
43.8963,3.01168,-6.25468,171.35448,-3.25252,3.34951,0.59532,171.49504
43.9169,3.04181,-6.32108,171.12192,-3.24602,3.34529,0.59371,171.26564
43.9375,3.1616,-6.17783,171.19635,-3.24573,3.35319,0.59501,171.33695
43.9586,2.93574,-5.94562,171.3239,-3.24969,3.35011,0.58734,171.45217
43.9795,2.94223,-6.38679,171.29434,-3.25515,3.34988,0.59296,171.43862
44.0008,3.05508,-6.1291,171.1823,-3.2453,3.34833,0.58498,171.31923
44.0273,3.05548,-6.53907,171.14137,-3.25734,3.34779,0.59751,171.2935
44.0482,3.04297,-5.97395,171.21823,-3.24937,3.34784,0.59286,171.34944
44.069,2.98458,-6.24834,171.40874,-3.2514,3.34688,0.59305,171.54855
44.0898,3.00074,-6.00526,171.25639,-3.25169,3.3487,0.59095,171.38792
44.1111,3.04298,-6.30631,171.18822,-3.25126,3.34129,0.5944,171.33136
44.1318,3.03572,-6.2011,171.14952,-3.24312,3.34839,0.5947,171.28873
44.1542,3.08595,-5.95585,171.24535,-3.24385,3.35654,0.59073,171.37667
44.1801,2.9957,-6.15117,171.26498,-3.25754,3.34942,0.59169,171.40159
44.201,2.95852,-5.83288,171.31607,-3.24822,3.34806,0.58722,171.44087
44.2215,2.9159,-6.3486,171.30789,-3.26159,3.35006,0.59313,171.45029
44.2422,3.03203,-5.98597,171.03876,-3.24559,3.34086,0.58864,171.17033
44.2636,3.07435,-5.92766,170.99814,-3.24907,3.34808,0.58905,171.12847
44.2841,3.10988,-5.94177,171.15511,-3.25169,3.3508,0.59074,171.28644
44.3065,2.94955,-6.20045,171.35606,-3.25069,3.35215,0.5948,171.49357
44.3322,2.98022,-5.70408,171.08656,-3.2367,3.35442,0.59094,171.20756
44.3534,3.04136,-6.05154,171.00974,-3.24992,3.35575,0.59262,171.1438
44.3741,2.94688,-6.18402,171.24594,-3.24885,3.34403,0.592,171.3829
44.3955,3.08558,-6.28145,171.10043,-3.25346,3.34695,0.59593,171.2435
44.4162,3.07348,-6.0432,171.18663,-3.25229,3.35124,0.59308,171.32084
44.4368,2.95471,-6.2218,171.17825,-3.25465,3.34151,0.59041,171.31677
44.4591,2.91832,-6.29193,171.26311,-3.24739,3.34749,0.59038,171.40349
44.4847,3.19503,-6.17573,171.06799,-3.25163,3.34524,0.58935,171.20925
44.5056,2.89135,-6.14015,171.13556,-3.24541,3.35394,0.59207,171.27008
44.5263,2.99285,-6.176,171.06213,-3.24974,3.35192,0.59157,171.19975
44.5508,2.78764,-6.14669,171.27698,-3.25719,3.35313,0.59115,171.40991
44.5715,2.99201,-6.25883,171.11938,-3.25519,3.35138,0.59215,171.25995
44.5925,2.85829,-6.43949,171.36044,-3.25011,3.34897,0.59432,171.50521
44.6137,3.0147,-6.1362,171.13791,-3.24924,3.34417,0.58977,171.27441
44.6391,2.88863,-6.39017,171.14754,-3.25996,3.35103,0.59338,171.29115
44.6599,3.03569,-6.44226,171.00363,-3.24817,3.36408,0.60052,171.15186
44.6805,3.11657,-6.2745,171.20985,-3.245,3.36083,0.59858,171.35313
44.7013,3.04463,-6.22172,171.38222,-3.23723,3.37041,0.59885,171.52214
44.7219,3.24932,-6.2457,171.15671,-3.24314,3.37297,0.60206,171.30145
44.7425,3.24872,-6.18663,171.19122,-3.24648,3.37384,0.60372,171.33378
44.7636,3.17033,-5.95757,171.15686,-3.242,3.36696,0.5941,171.28986
44.7907,3.11876,-6.30309,171.16515,-3.2418,3.36443,0.59578,171.30955
44.812,3.11728,-6.05488,171.02779,-3.23818,3.3671,0.59776,171.16332
44.8327,3.19008,-6.20089,171.15376,-3.24483,3.36347,0.60222,171.29576
44.8537,3.12812,-6.34453,171.19151,-3.25693,3.35075,0.60021,171.3376
44.8744,3.1555,-6.03012,171.09314,-3.24865,3.35509,0.59412,171.22845
44.8951,2.89727,-6.25464,171.22626,-3.24943,3.35426,0.59455,171.36495
44.9167,2.88726,-5.78687,171.6003,-3.23593,3.35358,0.58595,171.72212
44.938,2.87041,-6.74382,171.18141,-3.24417,3.34731,0.59592,171.33824
44.9643,3.09656,-6.07609,171.2518,-3.24429,3.34295,0.59219,171.38753
44.9854,3.02399,-5.98339,171.03694,-3.24847,3.34906,0.58961,171.16828
45.0061,3.01911,-6.2713,171.19939,-3.26046,3.34754,0.59012,171.34081
45.0272,2.77856,-6.35202,171.2056,-3.25362,3.33617,0.58662,171.34592
45.0482,2.97768,-6.32572,171.2039,-3.25444,3.34203,0.59524,171.3466
45.0697,2.94336,-6.22795,171.16299,-3.2515,3.34479,0.58977,171.30155
45.0909,2.95991,-6.32932,171.36125,-3.26243,3.34021,0.59317,171.50364
45.118,3.07391,-6.19756,171.3732,-3.25413,3.34142,0.59344,171.51278
45.139,2.96958,-5.98883,170.76451,-3.25135,3.34727,0.58583,170.8953
45.1605,3.10267,-5.94942,171.21918,-3.2457,3.35518,0.58678,171.3506
45.181,3.0202,-6.34632,171.33536,-3.2513,3.34831,0.59701,171.47945
45.2017,3.05472,-6.05211,171.13103,-3.25271,3.3529,0.59389,171.26526
45.2223,2.9525,-6.21749,171.31174,-3.25643,3.35043,0.59278,171.44995
45.2436,2.98731,-6.60022,171.36273,-3.25982,3.34856,0.59348,171.51581
45.2731,3.06275,-6.15419,171.12238,-3.24886,3.3509,0.59471,171.26039
45.2938,3.00538,-6.16671,171.13914,-3.25837,3.34419,0.58959,171.27658
45.3151,3.09594,-5.84833,171.27466,-3.24885,3.35412,0.59368,171.40244
45.3383,3.07871,-6.28978,171.00946,-3.25263,3.34462,0.59157,171.15278
45.3623,2.94054,-6.41246,171.21864,-3.25279,3.34838,0.58661,171.36391
45.383,2.89683,-6.14069,171.12947,-3.24662,3.35043,0.58975,171.26411
45.4037,3.07161,-5.79179,171.24527,-3.25373,3.3499,0.58936,171.37072
45.4244,2.96792,-5.92229,171.38734,-3.25074,3.35592,0.58872,171.51532
45.4451,2.95262,-6.12487,171.10893,-3.25374,3.34895,0.59135,171.24397
45.4656,2.92856,-6.46775,171.15854,-3.24908,3.34636,0.59724,171.30573
45.4869,3.00715,-6.12388,171.32384,-3.24269,3.3519,0.5882,171.45962
45.5074,2.98744,-6.3609,171.0081,-3.24619,3.34828,0.59661,171.15244
45.5301,2.90064,-6.25173,171.18159,-3.25655,3.34966,0.59248,171.32027
45.5549,3.01346,-6.13886,170.96756,-3.25087,3.35009,0.59128,171.10428
45.577,2.93573,-6.29721,171.34676,-3.25357,3.3455,0.59243,171.48756
45.5978,2.98038,-6.06672,171.33293,-3.24864,3.34621,0.58903,171.46621
45.6186,2.9791,-6.13491,171.28914,-3.25287,3.3542,0.59128,171.42486
45.6399,3.00502,-5.99375,171.07256,-3.25643,3.34213,0.58954,171.2039
45.6615,2.97626,-6.0933,171.06091,-3.25807,3.34577,0.58637,171.19528
45.6824,3.09094,-6.31765,171.16483,-3.24744,3.35513,0.59496,171.30926
45.7079,2.89346,-5.95242,171.19409,-3.24371,3.34964,0.59017,171.32198
45.729,3.0241,-5.84447,171.24338,-3.24899,3.34417,0.58502,171.36977
45.7496,3.18388,-6.23466,171.02248,-3.25822,3.34523,0.59219,171.1657
45.7707,2.9386,-6.08358,171.05252,-3.25514,3.34654,0.59245,171.18589
45.792,3.01145,-6.23021,171.18846,-3.25489,3.34636,0.5902,171.32826
45.8127,2.94399,-6.6643,171.30139,-3.25664,3.34827,0.60177,171.45625
45.8343,2.96398,-6.25238,171.42172,-3.24921,3.35033,0.59484,171.56131
45.8556,3.03095,-6.29064,171.29356,-3.25764,3.35172,0.59066,171.43583
45.8817,2.97061,-6.22504,171.06355,-3.2583,3.34573,0.58736,171.20255
45.9022,3.01147,-6.54209,171.06801,-3.24962,3.3522,0.59028,171.21954
45.9229,3.05752,-6.09488,171.35204,-3.2437,3.34393,0.58877,171.48766
45.9442,2.99721,-6.00799,171.09029,-3.24564,3.35102,0.58966,171.22198
45.9649,3.13667,-6.00113,171.2607,-3.25408,3.34801,0.59083,171.39451
45.9864,2.98115,-5.99274,171.09251,-3.25021,3.35159,0.58887,171.22339
46.0078,2.9561,-6.1484,171.25037,-3.24714,3.34978,0.58882,171.3862
46.0339,3.0764,-6.02505,171.13835,-3.238,3.3438,0.59057,171.27201
46.0543,3.13663,-6.24663,171.09677,-3.24663,3.34665,0.59366,171.23949
46.0751,2.95417,-5.96852,171.22963,-3.24456,3.35113,0.58772,171.35909
46.0964,3.01356,-5.80555,171.33791,-3.24612,3.35571,0.58954,171.46272
46.1177,2.96876,-6.14481,171.00342,-3.25591,3.35208,0.59575,171.13954
46.1384,2.9953,-6.43625,171.2415,-3.24734,3.34766,0.6008,171.38859
46.1596,2.81353,-6.15548,171.52379,-3.24195,3.35684,0.59007,171.65726
46.1805,3.02652,-6.24911,171.03757,-3.25668,3.35093,0.58919,171.17845
46.2024,2.92414,-6.15461,170.98871,-3.25483,3.3473,0.58872,171.12442
46.2274,2.89122,-6.20825,171.13748,-3.24647,3.34895,0.58981,171.27446
46.2496,2.96272,-6.24048,170.95119,-3.25658,3.34701,0.59216,171.09071
46.2704,3.01677,-6.23082,171.21713,-3.24678,3.3566,0.59313,171.35703
46.2921,3.03423,-6.08693,171.05367,-3.25347,3.34428,0.58995,171.18882
46.3134,2.95981,-6.23777,171.04532,-3.25699,3.34558,0.58969,171.18461
46.3398,2.95652,-6.13505,171.33826,-3.25304,3.34347,0.59369,171.47355
46.3611,3.06319,-6.31506,171.01251,-3.2501,3.34699,0.59041,171.15649
46.3819,3.01889,-6.26383,171.06703,-3.24813,3.35014,0.59046,171.20829
46.4032,3.1139,-6.10326,171.17346,-3.24907,3.34375,0.59621,171.31054
46.4241,3.00185,-5.92749,171.20712,-3.25436,3.34914,0.58832,171.336
46.4453,3.02106,-6.06177,170.95125,-3.25726,3.34905,0.59014,171.08536
46.4667,2.98141,-6.08023,171.17291,-3.24886,3.34502,0.59007,171.30681
46.4938,2.92397,-6.14543,171.05423,-3.24492,3.3446,0.58745,171.18956
46.5145,2.94385,-6.15815,171.13788,-3.24954,3.35002,0.59343,171.27394
46.5357,2.94449,-6.36662,171.24243,-3.25234,3.35127,0.599,171.38604
46.5576,3.0481,-5.95796,171.27361,-3.25282,3.34316,0.59253,171.40431
46.5784,3.04493,-6.00515,171.17012,-3.24866,3.34718,0.5912,171.30249
46.5996,3.12545,-6.27082,171.05415,-3.24691,3.35151,0.59344,171.19759
46.6214,2.95934,-6.08155,171.08531,-3.23947,3.34587,0.58842,171.21894
46.6455,3.00546,-6.20476,171.09651,-3.25585,3.34299,0.59304,171.23536
46.6663,2.93873,-6.22801,170.88013,-3.25163,3.34775,0.59279,171.01884
46.6873,3.21587,-6.57195,171.11702,-3.2598,3.34429,0.60473,171.27337
46.7086,3.0335,-6.2434,171.06798,-3.24716,3.34595,0.5907,171.20875
46.7292,2.89257,-6.68522,171.36856,-3.26313,3.34417,0.59203,171.5233
46.7504,3.0774,-6.10574,171.17105,-3.24847,3.34932,0.59347,171.30756
46.7745,2.94227,-6.74545,171.02545,-3.25722,3.34765,0.6024,171.18371
46.7984,2.96535,-6.37564,170.95029,-3.25302,3.35339,0.59627,171.09484
46.8189,2.93166,-6.27426,171.0164,-3.24916,3.34379,0.59466,171.15657
46.8399,3.03336,-6.12117,171.16086,-3.24289,3.34981,0.59582,171.29714
46.8612,2.98185,-5.93408,171.14598,-3.25368,3.35031,0.58772,171.27478
46.882,2.91012,-6.07663,171.31332,-3.24973,3.34799,0.58977,171.44576
46.9035,3.0034,-6.12927,171.26543,-3.2493,3.35047,0.59049,171.40138
46.9259,2.85585,-5.97435,171.46318,-3.25046,3.35243,0.59104,171.591
46.9508,2.85896,-6.38481,171.11641,-3.25323,3.35005,0.59011,171.25935
46.9716,2.99424,-6.42791,171.07175,-3.24414,3.34317,0.59639,171.21865
46.9923,3.01634,-6.08216,171.3484,-3.255,3.3481,0.58971,171.48285
47.0135,3.01849,-6.35764,171.07181,-3.25537,3.35073,0.59292,171.21651
47.0344,2.91299,-6.28537,171.40356,-3.24847,3.35159,0.59161,171.5435
47.0568,3.0966,-6.41153,171.37758,-3.24968,3.34813,0.59506,171.52542
47.0825,2.9661,-6.35257,171.20874,-3.25586,3.35027,0.59477,171.35223
47.1036,3.01073,-6.2378,171.17661,-3.25632,3.34952,0.58946,171.31668
47.1244,3.03445,-6.17369,171.3521,-3.25324,3.35224,0.59206,171.49013
47.1459,3.05212,-5.95356,171.15054,-3.24607,3.34974,0.58894,171.28126
47.1665,3.15144,-6.29257,170.85963,-3.2564,3.34465,0.59296,171.00451
47.1879,2.97474,-6.35272,170.99542,-3.25714,3.34336,0.59367,171.13924
47.2086,3.21475,-6.20209,171.10262,-3.25311,3.34329,0.59618,171.24516
47.2297,3.06537,-6.0266,171.40448,-3.25467,3.35121,0.59281,171.53779
47.2528,3.09409,-6.62091,171.2442,-3.25767,3.3458,0.59973,171.40008
47.2737,3.10521,-6.73445,171.04767,-3.24826,3.34796,0.60162,171.20835
47.2959,3.00164,-5.8949,171.13911,-3.24736,3.3453,0.58869,171.26692
47.3168,3.11523,-6.10841,170.97145,-3.25332,3.34262,0.59499,171.1089
47.3383,2.88701,-6.33182,171.4108,-3.25571,3.35189,0.59021,171.552
47.3591,3.06401,-6.35471,171.07602,-3.25044,3.34283,0.59661,171.22142
47.3802,2.87207,-6.1583,171.23375,-3.25411,3.35985,0.59326,171.36852
47.401,3.0404,-6.20102,171.29208,-3.24629,3.34992,0.59749,171.43125
47.4217,3.14621,-5.89338,171.3644,-3.24869,3.34405,0.58922,171.49457
47.4437,2.97653,-6.08408,171.0645,-3.26418,3.34273,0.5909,171.19854
47.4692,3.15436,-6.25116,170.91887,-3.24983,3.3474,0.59349,171.06223
47.4903,2.95052,-6.17999,171.2686,-3.25179,3.35443,0.5922,171.40546
47.5128,3.09704,-6.28666,171.00273,-3.25768,3.34373,0.59658,171.14628
47.5339,2.96429,-6.33276,170.8987,-3.25815,3.34187,0.59521,171.04168
47.5545,2.94209,-6.30165,171.30272,-3.25811,3.34909,0.59166,171.44383
47.5762,3.06173,-6.3088,171.00154,-3.24589,3.34216,0.59378,171.14527
47.5969,2.94064,-6.22085,170.88179,-3.25545,3.3446,0.59501,171.02027
47.618,3.12666,-6.27795,171.11063,-3.25606,3.34854,0.59024,171.2543
47.6415,3.02133,-5.93597,171.18051,-3.24228,3.34446,0.59038,171.31005
47.6643,2.98487,-6.31964,171.26898,-3.25535,3.34403,0.59235,171.41153
47.6852,2.90666,-6.2,170.93159,-3.25279,3.3467,0.59166,171.0687
47.706,2.90529,-6.18336,171.37929,-3.25097,3.35137,0.58994,171.51541
47.7267,3.09473,-6.08903,171.26665,-3.24535,3.354,0.59314,171.40279
47.7473,2.9437,-6.16286,171.18231,-3.25678,3.35372,0.58783,171.31851
47.7694,3.00463,-6.08245,171.25429,-3.25012,3.34472,0.59139,171.38861
47.7923,3.01774,-6.32215,170.96959,-3.24897,3.34562,0.59749,171.11305
47.8163,2.97931,-6.11733,171.0811,-3.25263,3.34862,0.58892,171.21636
47.8374,2.99971,-6.39382,171.21533,-3.259,3.35084,0.59306,171.36093
47.8584,3.03339,-6.13716,171.07562,-3.24361,3.35477,0.5908,171.21254
47.8791,3.16428,-6.10041,171.0549,-3.25515,3.34498,0.59217,171.19289
47.9,2.93767,-6.18746,171.29961,-3.2643,3.33931,0.59034,171.43649
47.9222,3.03075,-6.02328,171.25354,-3.2445,3.35233,0.58698,171.38623
47.9445,3.01171,-6.09772,171.01918,-3.25227,3.34851,0.59228,171.15435
47.9687,3.22122,-5.91842,171.05597,-3.24317,3.3463,0.59135,171.18863
47.9895,2.90103,-6.24137,171.256,-3.25429,3.35291,0.59133,171.39424
48.0103,2.94135,-6.08531,171.22725,-3.25281,3.3514,0.5906,171.36059
48.0314,3.04999,-6.20446,171.05748,-3.25215,3.33859,0.59223,171.19714
48.0524,3.02184,-6.15783,171.02066,-3.24764,3.35233,0.59169,171.15816
48.0749,3.00774,-6.53745,171.10818,-3.2636,3.3489,0.59115,171.25944
48.097,2.99848,-6.36134,171.07172,-3.25295,3.34586,0.5955,171.21621
48.1213,2.9924,-6.44154,171.10159,-3.24567,3.34665,0.59328,171.24895
48.142,2.85653,-6.30835,171.09331,-3.25221,3.35259,0.59324,171.23339
48.1629,2.995,-6.22174,171.24281,-3.25604,3.34367,0.58817,171.38197
48.1841,3.00136,-6.49537,171.38138,-3.25956,3.34537,0.59704,171.53068
48.2047,3.21472,-6.12866,171.12192,-3.24894,3.34998,0.58902,171.2618
48.227,3.06207,-6.31227,171.1129,-3.26106,3.34665,0.59872,171.25667
48.2477,3.01732,-6.37295,171.14581,-3.25405,3.34621,0.59368,171.291
48.2737,2.95049,-6.23995,171.15027,-3.25626,3.34452,0.58975,171.28939
48.2947,2.89749,-6.10205,171.19099,-3.25109,3.34996,0.58909,171.32422
48.3157,2.85417,-6.32605,171.16853,-3.24948,3.34937,0.59646,171.30917
48.3378,3.09522,-6.14139,171.11823,-3.25891,3.34688,0.5916,171.25637
48.3589,2.97554,-6.38723,171.08415,-3.26082,3.34339,0.59379,171.2292
48.3801,2.95446,-6.36036,171.03984,-3.24982,3.35345,0.59328,171.18356
48.4021,2.94447,-6.17792,171.04471,-3.25339,3.34809,0.59142,171.18157
48.4259,3.14234,-6.5239,171.00771,-3.26225,3.33541,0.59811,171.16095
48.4464,3.09767,-6.19005,170.99742,-3.24958,3.34654,0.59386,171.13746
48.4677,3.23478,-6.21717,171.10153,-3.25065,3.34574,0.5942,171.245
48.4888,2.85432,-6.28812,171.11147,-3.24627,3.34883,0.58968,171.25076
48.5095,3.01228,-6.26037,171.08981,-3.24877,3.34603,0.58811,171.23081
48.5308,3.07493,-5.88547,171.0517,-3.25116,3.34971,0.58759,171.18054
48.5522,2.90921,-6.26049,171.15297,-3.25203,3.34382,0.58729,171.29214
48.5786,3.11035,-6.12145,170.86234,-3.25212,3.35297,0.59337,171.00025
48.5994,3.1708,-6.45011,171.12206,-3.25444,3.3432,0.59512,171.27293
48.62,2.96287,-6.10386,171.36536,-3.24867,3.34948,0.59166,171.49962
48.6413,3.02621,-6.03031,171.21988,-3.25535,3.35303,0.5906,171.35276
48.6621,2.98535,-6.09397,171.09949,-3.25062,3.35028,0.59272,171.234
48.6846,2.96538,-6.13685,171.19215,-3.24908,3.34317,0.59032,171.32778
48.7069,3.08222,-6.08534,171.09077,-3.25048,3.35033,0.59497,171.22671
48.7305,3.03435,-6.22462,171.15889,-3.25394,3.34706,0.59117,171.29892
48.7517,3.15558,-6.21396,171.18524,-3.24402,3.34908,0.58999,171.32705
48.7727,2.99366,-6.42025,171.15396,-3.2577,3.34685,0.59676,171.3005
48.7939,3.14427,-6.06588,171.14278,-3.25155,3.34171,0.59053,171.2791
48.8147,3.02554,-6.07684,171.21501,-3.24683,3.34887,0.59175,171.34953
48.8368,2.9698,-6.37497,171.04956,-3.25421,3.34658,0.59512,171.19408
48.8592,2.96148,-6.0338,171.15761,-3.24861,3.34952,0.59225,171.28953
48.884,3.13763,-6.06318,171.20242,-3.25195,3.35032,0.5935,171.33849
48.9047,2.96912,-6.42874,171.11555,-3.25672,3.34324,0.59019,171.26201
48.9257,3.00641,-6.07441,171.07109,-3.24903,3.34401,0.59165,171.2053
48.9464,2.99044,-6.03286,171.27348,-3.25114,3.35798,0.59028,171.40579
48.9674,3.06123,-6.21989,170.95615,-3.24575,3.34329,0.59561,171.09665
48.9881,2.95949,-5.96471,171.23796,-3.25516,3.34926,0.58367,171.36737
49.0096,2.95334,-6.11895,171.27913,-3.24956,3.34888,0.58652,171.41384
49.0359,3.10023,-6.10897,171.25821,-3.25959,3.34138,0.59242,171.39517
49.0566,3.09485,-6.0691,171.32298,-3.25376,3.35225,0.58645,171.45838
49.0774,3.12511,-6.01825,170.94907,-3.24711,3.3545,0.59093,171.08351
49.0988,3.01112,-6.31303,171.24249,-3.25519,3.34639,0.59605,171.38527
49.1197,2.97141,-6.00396,171.22878,-3.24542,3.35201,0.5884,171.35977
49.141,2.96383,-5.97911,171.19966,-3.25033,3.34919,0.58753,171.32968
49.1627,2.80653,-6.44806,171.19206,-3.25703,3.34668,0.595,171.33644
49.1917,2.95866,-6.31066,171.24237,-3.25218,3.35018,0.59321,171.38415
49.2124,3.02717,-5.94283,171.07632,-3.24988,3.35273,0.59059,171.20628
49.2339,3.03107,-6.12048,171.30083,-3.24899,3.35258,0.59484,171.43693
49.2572,2.86037,-6.49216,171.20013,-3.25313,3.35415,0.59628,171.34706
49.2797,2.89441,-6.13236,171.00383,-3.25118,3.34849,0.59327,171.13823
49.3007,2.97996,-6.21858,171.40474,-3.24174,3.3569,0.59724,171.54339
49.3212,3.07002,-6.13971,171.10077,-3.24508,3.3436,0.59135,171.23841
49.3421,3.03928,-6.35344,171.10255,-3.25179,3.34404,0.59186,171.24745
49.3628,3.16931,-5.97903,171.04845,-3.24644,3.35073,0.59008,171.18226
49.3837,3.00032,-5.90557,171.34477,-3.2466,3.35359,0.58523,171.47276
49.4043,3.15062,-5.87604,171.06465,-3.24382,3.3475,0.58731,171.19454
49.425,2.88549,-6.07545,171.25494,-3.24916,3.35262,0.59134,171.38697
49.4462,2.94362,-6.28697,171.28572,-3.24856,3.35172,0.59109,171.42634
49.4677,3.01274,-6.15656,171.11958,-3.25338,3.34695,0.59116,171.2568
49.494,2.82188,-6.45097,171.34631,-3.25761,3.34761,0.59516,171.49092
49.5148,2.85018,-6.32248,171.16653,-3.25798,3.34795,0.59382,171.30698
49.5355,3.05115,-6.17799,170.93127,-3.24915,3.35494,0.59134,171.0701
49.5567,2.92527,-6.27116,171.25262,-3.24972,3.34385,0.59129,171.39237
49.5778,3.11172,-6.10821,171.09999,-3.25722,3.3465,0.59299,171.23726
49.5984,3.02043,-6.40469,171.20958,-3.26125,3.3462,0.59435,171.35595
49.6203,2.83072,-6.3873,171.65742,-3.2576,3.35194,0.59032,171.79954
49.6434,3.03719,-6.1726,171.0773,-3.25375,3.34392,0.59087,171.21556
49.6639,3.1222,-6.02626,171.14047,-3.25136,3.35401,0.59135,171.275
49.6864,2.93981,-6.07089,171.16618,-3.24736,3.35466,0.58875,171.29904
49.707,3.04138,-6.17771,170.98811,-3.24988,3.34747,0.5922,171.1267
49.7278,3.03981,-6.0647,171.3732,-3.24906,3.35086,0.58871,171.50742
49.7495,2.95797,-6.0787,171.10304,-3.24774,3.34928,0.5919,171.23654
49.771,2.91545,-6.08624,171.381,-3.25521,3.35197,0.58685,171.51381
49.7921,2.90223,-6.07342,171.01991,-3.25637,3.34523,0.58918,171.15233
49.8127,3.2337,-6.10325,171.14087,-3.24972,3.34522,0.59526,171.28019
49.8335,3.09741,-6.33507,171.18315,-3.24746,3.35183,0.59145,171.32833
49.8589,3.1019,-6.23346,171.24405,-3.25288,3.35044,0.59363,171.38554
49.8823,2.96733,-6.10409,171.30557,-3.25826,3.34811,0.59106,171.43997
49.9035,3.18697,-6.38085,170.91957,-3.25377,3.34771,0.59468,171.06832
49.9249,2.94315,-6.67389,170.93709,-3.25898,3.34573,0.59986,171.09264
49.9457,3.07562,-6.40885,171.16266,-3.25397,3.35073,0.5956,171.31021
49.9693,3.02813,-6.46053,171.09909,-3.26398,3.34778,0.5959,171.24779
49.9914,3.22209,-6.03645,171.07495,-3.24679,3.34539,0.59397,171.21174
50.0121,3.01703,-6.22985,171.02655,-3.24685,3.34973,0.59302,171.16657
50.0332,3.03456,-6.17514,171.20177,-3.25456,3.34796,0.59112,171.33997
50.0557,2.92265,-6.52354,171.07719,-3.25759,3.34594,0.59153,171.22647
50.0769,2.98496,-6.25876,171.02925,-3.25186,3.35278,0.59063,171.16976
50.0984,2.90654,-6.20788,171.09776,-3.25209,3.34799,0.59095,171.23501
50.1215,3.01406,-6.23371,171.30252,-3.25691,3.34976,0.59241,171.4424
50.1441,2.94423,-6.1452,171.32683,-3.24934,3.35166,0.58846,171.46228
50.165,2.99908,-6.18938,171.21626,-3.25575,3.34404,0.59246,171.35435
50.186,3.08749,-5.92795,171.35837,-3.24977,3.35165,0.58817,171.48867
50.2068,3.08939,-6.10251,171.31561,-3.25053,3.34233,0.5917,171.4521
50.2275,2.97509,-6.23629,171.28908,-3.25616,3.34296,0.59328,171.42838
50.2483,3.00674,-6.12921,171.05028,-3.25742,3.34617,0.58956,171.18646
50.269,3.11367,-6.08302,171.24323,-3.24749,3.34999,0.593,171.37952
50.2897,2.92949,-6.33472,171.1888,-3.25199,3.35116,0.59402,171.33101
50.3111,3.06296,-6.00601,171.12088,-3.25117,3.34311,0.58959,171.25364
50.3323,2.88768,-6.17916,171.30328,-3.2521,3.34814,0.5865,171.43901
50.3587,2.75863,-6.22411,171.16801,-3.25436,3.35279,0.59102,171.30335
50.3795,3.09715,-6.62004,171.10609,-3.25078,3.34998,0.59826,171.26212
50.4005,3.15532,-6.38771,171.1613,-3.25593,3.34744,0.59533,171.30951
50.422,3.18047,-6.0539,171.26221,-3.24436,3.35151,0.59155,171.39868
50.4439,3.07136,-6.27966,170.83162,-3.25237,3.34259,0.59997,170.97459
50.4652,2.86008,-6.20435,171.18613,-3.25441,3.35056,0.59072,171.3224
50.4859,2.98166,-6.02177,171.37268,-3.25324,3.34985,0.58816,171.50437
50.5108,3.11373,-5.90386,171.50676,-3.24422,3.3542,0.58712,171.63659
50.5319,2.98697,-6.46756,170.99803,-3.2573,3.34609,0.59713,171.14636
50.5536,3.00807,-6.24334,171.09972,-3.24734,3.35145,0.58966,171.24001
50.5743,2.96069,-6.08164,171.14336,-3.25335,3.34683,0.5915,171.27697
50.5963,2.96531,-6.052,171.32957,-3.24812,3.35269,0.59006,171.46207
50.6174,2.98894,-6.19612,171.2092,-3.24487,3.35367,0.5898,171.34735
50.6425,3.05593,-5.8368,171.34216,-3.24398,3.3463,0.58872,171.46878
50.6634,3.03773,-6.23538,170.85309,-3.25529,3.35069,0.59562,170.99382
50.6844,2.86496,-6.43574,171.19289,-3.2503,3.35187,0.59014,171.33777
50.7058,2.8403,-6.06339,171.19292,-3.24961,3.34833,0.58575,171.32381
50.7264,2.9289,-6.27508,171.34901,-3.25705,3.35511,0.59261,171.48889
50.747,3.01832,-6.1383,171.03397,-3.24637,3.34805,0.5914,171.17069
50.7696,2.96291,-6.21441,171.24081,-3.24961,3.34925,0.59371,171.37915
50.7951,3.10921,-6.35946,171.40395,-3.24976,3.35343,0.59502,171.55006
50.8161,2.92289,-6.02195,171.07434,-3.2471,3.34719,0.59109,171.20525
50.8369,3.165,-6.17008,170.88057,-3.25089,3.33705,0.59435,171.02122
50.8583,3.08558,-6.28579,171.15204,-3.256,3.34944,0.59792,171.29522
50.8802,2.84273,-6.28596,171.28293,-3.25352,3.35258,0.59174,171.42181
50.9011,3.024,-5.99841,171.23073,-3.24356,3.34498,0.59068,171.36245
50.9222,2.94081,-6.01373,171.32671,-3.2516,3.35441,0.58727,171.45744
50.9475,3.0313,-6.41136,170.92607,-3.25042,3.33812,0.5945,171.07313
50.9688,3.05325,-6.25796,171.18326,-3.25733,3.34055,0.59025,171.32481
50.9899,3.05647,-6.45245,170.87601,-3.25288,3.34466,0.60088,171.0251
51.0109,3.06867,-6.22789,171.0663,-3.24511,3.34795,0.59835,171.20713
51.0329,3.04805,-6.29729,171.05902,-3.25349,3.34605,0.59499,171.20203
51.0535,2.86108,-6.12102,171.27849,-3.25618,3.34743,0.58863,171.41171
51.0746,3.07507,-6.28707,171.26643,-3.25718,3.34403,0.58925,171.40938
51.1001,3.06796,-6.11231,171.24065,-3.25208,3.3481,0.59149,171.37716
51.1209,3.1251,-6.14757,170.96698,-3.25111,3.34871,0.59197,171.10601
51.1416,3.24468,-6.11752,170.95326,-3.25189,3.34465,0.59894,171.09345
51.1627,3.19572,-5.84448,171.25574,-3.25184,3.34846,0.58716,171.38523
51.184,3.0102,-6.05841,171.45399,-3.25087,3.34978,0.59457,171.58741
51.2059,2.95973,-6.07949,171.13593,-3.25608,3.35401,0.59297,171.26945
51.2316,3.1031,-6.28574,170.98575,-3.24991,3.3421,0.59166,171.12938
51.2525,3.04551,-6.22084,171.08113,-3.25459,3.34441,0.59549,171.22128
51.2765,3.14546,-6.19369,171.1387,-3.25022,3.35209,0.59591,171.27963
51.3032,3.02275,-6.09189,171.35892,-3.25037,3.3457,0.59435,171.49381
51.3253,3.10765,-6.20767,171.2121,-3.24936,3.34514,0.59363,171.35278
51.3466,2.96155,-6.10683,171.19522,-3.2421,3.3485,0.59399,171.3297
51.3685,3.04813,-5.98568,171.22044,-3.25048,3.35676,0.58998,171.35215
51.3894,3.02331,-6.21767,171.04135,-3.26041,3.34641,0.5934,171.18103
51.4144,2.83191,-6.1285,170.88147,-3.25006,3.35276,0.59219,171.01478
51.4354,3.05448,-6.18481,171.17734,-3.25253,3.34292,0.58818,171.31627
51.4562,2.89433,-6.13828,171.28259,-3.24808,3.35072,0.58959,171.41698
51.478,3.1862,-6.02909,170.93852,-3.24911,3.34725,0.59014,171.07449
51.4995,2.89091,-6.13768,171.19922,-3.24738,3.35188,0.58998,171.3336
51.5207,3.14741,-6.1871,171.27977,-3.25504,3.34399,0.59174,171.42038
51.5415,2.9876,-6.35742,171.41789,-3.25527,3.3563,0.59773,171.56176
51.5624,2.91889,-6.09756,171.59911,-3.24985,3.35068,0.58988,171.73221
51.5832,3.06815,-5.96817,171.06989,-3.24985,3.34018,0.58849,171.20146
51.608,3.05124,-6.34261,171.20271,-3.25347,3.35063,0.59599,171.34733
51.631,3.16637,-6.34308,171.27271,-3.25456,3.34548,0.59479,171.41937
51.6523,2.84388,-6.21226,171.21902,-3.24172,3.34874,0.59262,171.35529
51.6761,2.97738,-5.96699,171.24365,-3.24416,3.34974,0.59409,171.37345
51.6971,3.19388,-5.8818,170.897,-3.24617,3.34297,0.59436,171.02802
51.7195,3.05073,-6.30566,171.45943,-3.2547,3.34389,0.59247,171.60246
51.7416,3.10779,-6.11665,170.96985,-3.24966,3.34619,0.58991,171.10745
51.7625,3.05985,-6.00515,171.19485,-3.24711,3.35111,0.58732,171.32747
51.7844,3.15744,-6.47361,171.18102,-3.25109,3.34402,0.59796,171.33248
51.8059,2.99024,-5.93522,171.24237,-3.25683,3.35235,0.59218,171.37129
51.8331,3.01022,-6.15451,171.18123,-3.25311,3.35189,0.59462,171.31828
51.8542,2.81928,-6.44079,171.21942,-3.24169,3.34804,0.59679,171.36371
51.8756,2.96761,-6.23107,171.08598,-3.25402,3.34783,0.59137,171.22513
51.8976,2.93009,-5.90994,171.51022,-3.2452,3.35388,0.5875,171.63703
51.9184,2.91284,-6.12132,171.3038,-3.25155,3.35063,0.59245,171.43788
51.9436,3.30283,-6.617,171.09874,-3.26217,3.34234,0.59614,171.25849
51.965,2.88471,-6.46086,171.11453,-3.25541,3.35052,0.59401,171.26076
51.986,2.9921,-6.09162,171.18831,-3.24255,3.35448,0.59065,171.32279
52.0068,3.05384,-6.12421,170.92508,-3.25277,3.34514,0.59233,171.06202
52.0275,3.06457,-6.09479,171.15997,-3.25016,3.34383,0.59263,171.29587
52.0481,2.99989,-6.43544,171.15933,-3.27008,3.34406,0.59196,171.30654
52.0688,2.99562,-6.51695,171.19133,-3.26276,3.34345,0.59066,171.34152
52.0915,3.0222,-6.10764,171.05586,-3.24799,3.34838,0.5906,171.19154
52.1168,2.99994,-6.05268,171.15047,-3.24404,3.35029,0.59701,171.28373
52.1376,3.05232,-6.51263,170.82597,-3.2505,3.34399,0.59642,170.97732
52.1583,2.9295,-6.2136,171.46727,-3.25204,3.34632,0.59093,171.60482
52.1789,2.91179,-6.21337,171.11978,-3.24756,3.35345,0.59266,171.2573
52.2002,3.14066,-6.14866,171.05139,-3.24712,3.34588,0.59429,171.19068
52.221,2.80147,-6.52533,171.25974,-3.25331,3.35482,0.59555,171.4069
52.2434,3.06593,-6.22441,171.05244,-3.25437,3.34166,0.58844,171.19311
52.2692,2.93365,-6.23183,170.84052,-3.24554,3.35077,0.59322,170.97931
52.2902,3.1213,-6.15554,171.05696,-3.25128,3.34885,0.59611,171.19614
52.3118,2.9689,-6.20268,171.02786,-3.25158,3.34706,0.58584,171.16605
52.3344,3.01564,-6.392,171.05281,-3.25734,3.34489,0.59365,171.19876
52.3575,3.14044,-6.34453,171.21141,-3.25856,3.34798,0.59533,171.3577
52.3807,3.03507,-6.28652,171.33125,-3.251,3.35412,0.59404,171.47341
52.4016,2.9278,-6.29585,171.14684,-3.26105,3.34245,0.5909,171.28762
52.4222,3.02216,-6.3143,171.20235,-3.2582,3.35148,0.58863,171.3454
52.4437,2.89686,-6.29986,171.20529,-3.25442,3.35114,0.59899,171.34565
52.465,3.09366,-5.78522,171.16458,-3.24508,3.34922,0.59041,171.29026
52.4863,3.11394,-6.22906,171.0554,-3.25179,3.3495,0.59427,171.19711
52.507,3.03711,-6.35608,170.86479,-3.24815,3.34208,0.59786,171.00994
52.5276,2.97603,-5.95846,171.23709,-3.24177,3.35147,0.58628,171.36657
52.5483,2.94944,-6.06838,171.3443,-3.24669,3.35314,0.5928,171.47709
52.5747,2.90756,-5.97284,171.34169,-3.24829,3.35121,0.58596,171.47042
52.596,3.03118,-6.35612,171.19527,-3.25228,3.34613,0.59447,171.34004
52.6168,3.07227,-5.86367,171.42245,-3.24625,3.35379,0.58693,171.55022
52.6374,3.24581,-6.46573,170.86391,-3.25494,3.33955,0.59557,171.017
52.6593,2.93893,-6.31898,171.60326,-3.26081,3.35232,0.5953,171.74471
52.6805,3.06675,-6.01801,171.04375,-3.25456,3.34948,0.58905,171.17706
52.7016,3.02737,-6.26323,170.85994,-3.25701,3.33898,0.5889,171.0015
52.7278,2.86675,-6.06936,171.16455,-3.25523,3.34368,0.59345,171.29611
52.7489,3.08206,-6.15225,170.76863,-3.24433,3.35042,0.59251,170.90721
52.7697,3.02842,-6.11855,171.0869,-3.24487,3.34833,0.593,171.22306
52.7907,2.98376,-6.24841,171.1861,-3.24792,3.34832,0.59179,171.32608
52.8126,2.92929,-6.23541,171.02577,-3.24895,3.34916,0.59319,171.16447
52.8332,2.94562,-6.26965,171.19229,-3.25655,3.34654,0.59275,171.33238
52.8538,2.97614,-6.31467,171.51196,-3.25944,3.35075,0.59449,171.65397
52.8799,3.03254,-6.00662,171.07051,-3.24941,3.34707,0.58872,171.20279
52.9012,2.96533,-6.11137,171.11685,-3.25644,3.34817,0.59183,171.25162
52.922,2.88804,-6.67227,171.00627,-3.26173,3.33833,0.59908,171.16076
52.9429,2.91611,-6.19909,171.33928,-3.24794,3.35176,0.58871,171.47618
52.9642,3.04507,-6.18209,171.11752,-3.25756,3.34854,0.59472,171.25623
52.9848,3.03114,-6.36576,171.19801,-3.2504,3.34639,0.59964,171.34314
53.0063,3.04431,-6.26011,171.2263,-3.24736,3.35729,0.59037,171.36774
53.027,3.06522,-5.98349,171.1675,-3.24825,3.35184,0.59175,171.29947
53.0499,3.15848,-6.17358,171.09142,-3.24776,3.34646,0.59482,171.23189
53.0705,2.93581,-6.20661,171.03954,-3.25481,3.34953,0.5906,171.17729
53.093,3.03539,-6.15636,171.15251,-3.24108,3.35265,0.5925,171.29009
53.1136,3.09865,-5.98628,171.20111,-3.25014,3.34561,0.58921,171.33376
53.1344,2.93437,-6.13079,171.18649,-3.2571,3.35175,0.59143,171.32137
53.157,3.07138,-6.23583,171.08344,-3.2499,3.34291,0.59358,171.22459
53.1778,2.94235,-6.19452,171.09277,-3.25155,3.35056,0.59858,171.23016
53.199,3.00008,-6.03617,171.08284,-3.24269,3.35097,0.59159,171.21558
53.2199,3.04678,-6.43011,171.26138,-3.25009,3.35125,0.59624,171.40913
53.2414,2.8187,-6.33518,171.13737,-3.2488,3.3546,0.59247,171.27779
53.2626,2.96707,-6.1798,171.14085,-3.2446,3.35337,0.59242,171.27809
53.2864,3.00983,-6.16721,170.98489,-3.25206,3.34966,0.59172,171.12255
53.308,2.8796,-6.0122,171.05853,-3.24442,3.34446,0.58971,171.18838
53.3294,2.9197,-6.11112,171.06993,-3.25073,3.34565,0.58508,171.20395
53.3507,2.9281,-6.32991,171.01186,-3.2409,3.35378,0.59252,171.15401
53.3718,2.82017,-6.22664,171.2726,-3.25322,3.35168,0.5938,171.40895
53.3937,2.95616,-6.24652,170.96408,-3.254,3.34474,0.58918,171.1037
53.415,2.85391,-6.33163,171.10199,-3.25474,3.35183,0.59181,171.24288
53.4404,2.99825,-6.16125,171.15196,-3.25314,3.35111,0.592,171.28907
53.4614,3.03216,-6.12589,171.04005,-3.24833,3.34866,0.58951,171.17658
53.4826,3.03413,-5.89735,171.09802,-3.25225,3.34853,0.58698,171.22651
53.5034,2.94669,-5.98063,171.3067,-3.24379,3.35076,0.58536,171.43639
53.5242,3.15006,-6.1961,171.01758,-3.24832,3.35035,0.59272,171.15878
53.546,2.98299,-6.24694,171.0808,-3.25252,3.34535,0.58934,171.2208
53.5673,3.07392,-6.46104,171.29108,-3.26197,3.34359,0.5951,171.44045
53.589,3.09922,-6.09692,170.90222,-3.25509,3.3483,0.58991,171.03902
53.6125,3.07206,-6.21571,171.09776,-3.25387,3.34802,0.59154,171.23819
53.6339,3.00797,-6.23656,171.12602,-3.25287,3.34796,0.59283,171.26604
53.6555,2.9707,-6.38156,171.05978,-3.25,3.34867,0.59493,171.20455
53.6775,3.00405,-6.19184,170.95914,-3.25177,3.34631,0.59196,171.0976
53.6995,3.10287,-6.09373,171.31302,-3.24886,3.34866,0.59456,171.44944
53.7212,2.92919,-6.01106,171.26668,-3.24872,3.3545,0.58862,171.39716
53.7435,3.00477,-6.37269,171.11089,-3.26474,3.34611,0.59032,171.25588
53.7681,2.90743,-6.57996,170.97432,-3.25818,3.34799,0.59404,171.12559
53.7888,3.09816,-6.1383,170.9462,-3.25386,3.34396,0.58892,171.08442
53.8102,3.18147,-6.24813,171.04039,-3.25075,3.34576,0.5943,171.18404
53.8325,3.07031,-6.1724,171.07866,-3.25147,3.33986,0.59362,171.2175
53.853,3.05733,-6.11296,171.46504,-3.25456,3.34915,0.58811,171.60121
53.8738,3.05296,-6.322,171.11607,-3.25329,3.34252,0.59518,171.26003
53.8981,2.90738,-6.11724,171.56224,-3.24761,3.35718,0.59303,171.69588
53.9188,3.05054,-6.29865,171.33392,-3.25343,3.34957,0.59547,171.4768
53.9396,3.06597,-6.31065,171.04613,-3.25445,3.34378,0.58964,171.18996
53.9605,3.08942,-6.30536,171.26862,-3.25946,3.34619,0.5955,171.41249
53.9819,3.05633,-6.19406,170.88075,-3.24866,3.34534,0.59084,171.02029
54.0024,2.92351,-6.20546,171.23741,-3.25332,3.34725,0.59203,171.37475
54.0238,3.04766,-6.3229,171.24513,-3.25337,3.35015,0.59943,171.38892
54.0451,2.85912,-6.16941,170.974,-3.2517,3.35027,0.59234,171.10916
54.0712,2.97393,-6.19088,171.31569,-3.24922,3.3456,0.59477,171.45331
54.0918,3.03589,-6.08863,171.2773,-3.25965,3.3503,0.58957,171.41237
54.1128,2.94153,-6.29077,171.06662,-3.25443,3.34735,0.58947,171.20752
54.1339,2.85735,-6.26406,171.29955,-3.25024,3.34823,0.59043,171.43785
54.1552,2.99472,-6.01316,171.30383,-3.2452,3.35624,0.58481,171.4355
54.1761,2.90956,-6.38335,171.34781,-3.25478,3.3499,0.59134,171.49135
54.1973,2.9268,-6.01501,171.22238,-3.24709,3.34532,0.59495,171.353
54.2182,3.02293,-6.40842,170.99823,-3.25375,3.34776,0.59485,171.14497
54.2416,2.99892,-6.17137,170.92586,-3.25063,3.34014,0.59295,171.06352
54.2641,3.17284,-6.24274,171.14903,-3.24835,3.34705,0.59132,171.29224
54.2847,2.99928,-6.17117,171.30046,-3.26259,3.35071,0.59077,171.43782
54.3053,2.99721,-6.28914,171.07796,-3.25838,3.34361,0.59189,171.21975
54.326,3.04953,-6.64837,171.16695,-3.25558,3.34733,0.59748,171.32316
54.347,3.03944,-6.07445,171.21877,-3.24559,3.34191,0.59191,171.35344
54.3678,3.1799,-6.39324,171.08496,-3.25231,3.34949,0.59081,171.2339
54.389,3.1826,-6.03318,171.12282,-3.25159,3.346,0.59432,171.25871
54.4103,3.01626,-6.08306,171.24544,-3.26582,3.34631,0.59141,171.37999
54.4321,3.05782,-6.29108,171.09114,-3.25589,3.34905,0.59289,171.23407
54.455,3.03784,-6.1693,171.09009,-3.2485,3.34156,0.58874,171.22823
54.4788,2.92273,-6.35048,171.15576,-3.24916,3.34747,0.59543,171.29847
54.4994,2.99034,-6.48709,171.27612,-3.26214,3.3461,0.59176,171.42501
54.5208,2.97016,-6.11448,171.19299,-3.2547,3.35443,0.58996,171.3279
54.5413,3.03726,-6.09116,171.17372,-3.25104,3.34638,0.58952,171.30899
54.5621,3.13632,-6.12223,171.1104,-3.25561,3.3464,0.59443,171.24861
54.5828,2.96665,-6.23168,171.24434,-3.25186,3.3487,0.5921,171.38337
54.6039,3.03055,-6.09138,171.12872,-3.24314,3.35006,0.59296,171.26392
54.6247,3.0123,-6.33042,171.19125,-3.25129,3.34857,0.59492,171.33474
54.6479,3.10786,-6.1373,171.13509,-3.25532,3.34432,0.59455,171.2733
54.6696,2.88633,-6.0837,171.30492,-3.25187,3.35639,0.59119,171.43721
54.6911,2.9507,-6.18285,171.13022,-3.24663,3.34168,0.59261,171.26729
54.7119,3.14811,-6.23012,171.28098,-3.24484,3.34465,0.58996,171.42315
54.733,3.00606,-6.27966,171.23866,-3.25946,3.3547,0.59077,171.38013
54.7538,3.11786,-6.10984,171.13638,-3.25079,3.3434,0.59312,171.27379
54.7744,3.02784,-5.94818,171.08476,-3.25659,3.34116,0.58864,171.21491
54.7956,3.15214,-6.08724,170.92877,-3.25501,3.34772,0.59331,171.06617
54.8162,3.12168,-6.37444,171.13713,-3.23576,3.3511,0.59753,171.28425
54.8387,2.88426,-6.39635,171.01552,-3.24605,3.34946,0.59888,171.1594
54.8641,3.05456,-5.94767,171.28624,-3.25464,3.3535,0.58553,171.41669
54.8849,2.96076,-6.24811,171.14948,-3.25059,3.34886,0.59481,171.28908
54.9055,2.97373,-6.22491,171.08556,-3.25408,3.34112,0.59193,171.22459
54.9265,2.89621,-6.57674,171.2393,-3.25569,3.34602,0.60033,171.39003
54.9476,3.01247,-6.39052,171.21167,-3.25431,3.35032,0.59347,171.35737
54.9686,3.15336,-6.26854,171.12691,-3.25395,3.34879,0.59684,171.27071
54.9909,3.04965,-5.99723,171.1805,-3.25632,3.34813,0.59107,171.31267
55.0166,2.9702,-6.26598,171.17667,-3.24816,3.34714,0.58962,171.31706
55.0374,3.10056,-5.98257,171.34508,-3.24316,3.35184,0.59136,171.47752
55.0582,3.06879,-6.02466,171.05272,-3.24546,3.3438,0.58955,171.18629
55.0789,2.99192,-6.0891,171.15759,-3.24706,3.34703,0.59261,171.292
55.1002,3.20322,-6.42779,171.21004,-3.25859,3.34914,0.59672,171.3606
55.1211,3.14167,-6.2524,170.89931,-3.25455,3.34225,0.59042,171.0425
55.1438,3.00687,-6.14352,170.9767,-3.25285,3.34887,0.59448,171.11346
55.1657,2.97233,-6.26612,171.30316,-3.24359,3.35019,0.59382,171.4435
55.1895,3.04189,-6.36535,170.91138,-3.2588,3.34371,0.5911,171.05692
55.2108,3.10691,-6.54823,171.16104,-3.26089,3.34851,0.60232,171.31443
55.2321,3.06744,-6.26133,171.37558,-3.25463,3.34382,0.59186,171.51735
55.2543,3.02828,-6.2713,171.39595,-3.25167,3.34749,0.59415,171.53738
55.275,2.90254,-6.58802,171.42482,-3.26085,3.34818,0.59599,171.57592
55.2958,2.99204,-6.43224,171.13147,-3.25852,3.34982,0.59521,171.27845
55.3182,3.00946,-6.40546,171.19366,-3.25259,3.34992,0.59628,171.33989
55.342,3.1532,-6.52545,171.14937,-3.25411,3.34494,0.5975,171.30274
55.3628,3.12143,-6.07351,171.07637,-3.24699,3.34713,0.59093,171.2126
55.3838,2.95268,-6.45591,171.08253,-3.25207,3.3465,0.59271,171.22976
55.405,3.08706,-6.18687,171.10612,-3.25852,3.35106,0.59429,171.24577
55.4258,2.99342,-6.17649,171.19345,-3.25221,3.34527,0.59022,171.33099
55.4472,2.93433,-6.30915,171.2157,-3.25229,3.35078,0.58841,171.35703
55.4681,2.96587,-6.40556,171.22852,-3.26073,3.3532,0.5932,171.37395
55.489,3.16145,-6.03956,171.37207,-3.24691,3.35088,0.59307,171.5076
55.512,2.99584,-6.06969,171.25851,-3.24937,3.35149,0.59,171.39223
55.5347,3.01822,-6.25952,171.04489,-3.24387,3.35383,0.59348,171.186
55.5568,3.11654,-6.26918,171.18771,-3.25032,3.34939,0.59762,171.33082
55.5776,2.87577,-6.31953,171.3067,-3.25475,3.3507,0.59015,171.44735
55.5988,2.96013,-5.96211,171.14,-3.24647,3.35084,0.58795,171.2694
55.62,3.05472,-6.37604,171.14749,-3.25216,3.35164,0.59295,171.29346
55.6407,2.96854,-5.79647,171.28728,-3.24221,3.34844,0.58538,171.41103
55.6639,3.17041,-6.28792,170.93419,-3.25461,3.34843,0.59376,171.07918
55.6873,3.00363,-6.3963,171.28088,-3.25619,3.35082,0.59545,171.42659
55.708,3.15976,-6.39634,170.88553,-3.25849,3.34141,0.59522,171.03439
55.7287,3.12816,-6.52147,171.06839,-3.24738,3.35002,0.60124,171.22123
55.7511,2.95416,-6.1609,171.12766,-3.24972,3.34398,0.58735,171.264
55.7721,3.0613,-6.03421,171.20474,-3.2509,3.34195,0.5898,171.3384
55.7932,3.10796,-5.89436,171.1171,-3.24259,3.35094,0.59194,171.24679
55.8139,2.92312,-6.41372,171.21341,-3.25802,3.34342,0.59281,171.35843
55.8347,3.06605,-6.13509,171.09877,-3.24835,3.3464,0.59386,171.23618
55.8598,3.09269,-6.34912,171.11984,-3.25656,3.34624,0.59434,171.26551
55.8815,2.97016,-6.17099,171.19121,-3.25026,3.35007,0.59129,171.32814
55.9047,3.00277,-6.26828,171.4129,-3.24872,3.35003,0.59559,171.55376
55.928,3.01169,-6.09326,171.27348,-3.24265,3.35764,0.59469,171.4083
55.9522,2.9909,-5.90184,171.06389,-3.25105,3.34754,0.59064,171.1918
55.9729,2.86117,-5.91725,171.14452,-3.24194,3.34942,0.59004,171.27068
55.9935,3.10097,-6.64488,171.11499,-3.2657,3.34412,0.59767,171.27204
56.0149,3.02765,-5.98929,171.32121,-3.24882,3.34913,0.58863,171.45261
56.0357,2.98443,-6.53781,171.10681,-3.25961,3.34895,0.59698,171.25767
56.0581,3.01452,-6.17692,171.01639,-3.25179,3.34761,0.59299,171.15445
56.0838,2.96878,-6.20648,171.32024,-3.25034,3.34553,0.59026,171.45833
56.105,2.83665,-6.01159,171.40656,-3.23988,3.35556,0.58918,171.5354
56.1257,2.85961,-6.20792,171.01578,-3.25598,3.34852,0.59254,171.15231
56.147,2.89104,-6.24177,171.07187,-3.25307,3.3485,0.59462,171.21011
56.1678,3.02696,-6.08989,171.2717,-3.24819,3.35308,0.58997,171.40666
56.1885,3.1726,-5.95988,170.9632,-3.25508,3.34562,0.58989,171.09646
56.2112,3.07132,-6.09789,171.056,-3.24618,3.34321,0.59179,171.19221
56.2331,2.99442,-5.97642,171.22018,-3.24179,3.34743,0.58955,171.35062
56.2575,3.04959,-5.91734,171.6321,-3.25467,3.35569,0.58984,171.76115
56.2786,2.95004,-6.10437,171.04533,-3.24483,3.35574,0.58868,171.17965
56.2996,2.92882,-6.22142,171.31517,-3.24927,3.35097,0.58737,171.45312
56.3202,3.07867,-6.25546,171.23407,-3.24799,3.34183,0.59952,171.37595
56.3408,3.14797,-5.95558,170.88585,-3.2428,3.3452,0.58966,171.01857
56.3628,2.9674,-6.3583,171.22647,-3.25836,3.34893,0.59574,171.37018
56.3893,3.02431,-5.94854,171.35654,-3.2534,3.34475,0.59288,171.48643
56.4102,3.00471,-6.39838,171.01346,-3.25344,3.34649,0.59399,171.15949
56.4312,3.2451,-6.37523,170.92989,-3.24733,3.34705,0.59957,171.07951
56.4523,3.12954,-6.36902,171.34471,-3.24711,3.3403,0.59854,171.4916
56.4729,3.0611,-6.27685,171.02148,-3.25759,3.34646,0.59198,171.16401
56.4949,3.02358,-6.12161,171.07863,-3.2557,3.34585,0.58877,171.21482
56.5161,2.96365,-6.05392,171.21709,-3.25344,3.35048,0.5893,171.34971
56.5381,3.21409,-6.32064,171.05435,-3.251,3.34328,0.59069,171.20126
56.5622,3.08869,-6.11539,171.25134,-3.25064,3.34542,0.59282,171.38833
56.583,3.08862,-6.00217,171.14261,-3.2451,3.34956,0.58875,171.27568
56.6044,2.93009,-5.95236,171.33133,-3.25267,3.34916,0.58534,171.45973
56.6264,3.04155,-6.08661,171.24236,-3.25059,3.34706,0.58692,171.37748
56.6473,2.95421,-6.59275,171.31267,-3.26292,3.34514,0.59642,171.46493
56.6686,3.10848,-6.1808,171.11076,-3.24886,3.3465,0.58779,171.25057
56.6906,2.98433,-6.11376,171.02667,-3.24943,3.3487,0.59358,171.16193
56.7147,2.99664,-6.08421,171.06932,-3.24836,3.35008,0.58888,171.20371
56.7355,2.92137,-6.27293,171.29813,-3.25361,3.3505,0.59198,171.43784
56.757,3.08093,-6.10434,171.19539,-3.24749,3.34397,0.59598,171.33189
56.7791,2.94944,-5.92581,171.12515,-3.24996,3.35143,0.58589,171.25312
56.8,2.96347,-6.11124,171.34125,-3.24241,3.35086,0.59232,171.47581
56.8208,3.02653,-6.43387,170.80966,-3.25211,3.3438,0.59977,170.95758
56.8461,3.06535,-5.97505,171.12274,-3.25129,3.34876,0.59166,171.25446
56.8671,2.79863,-6.16457,171.21463,-3.25863,3.35122,0.59058,171.34843
56.8881,2.94468,-6.33553,171.13058,-3.25184,3.34987,0.59133,171.27314
56.9093,3.01873,-6.23874,171.12204,-3.25261,3.35364,0.59139,171.26233
56.9299,3.00057,-6.09165,170.98608,-3.24762,3.34573,0.59245,171.12087
56.9509,2.93616,-6.09183,171.2299,-3.25092,3.35184,0.59241,171.36339
56.9732,3.07698,-6.28067,170.87563,-3.25945,3.34777,0.59116,171.0187
56.9954,3.0455,-6.2257,171.01871,-3.25416,3.34398,0.59193,171.15909
57.0193,3.11111,-6.17838,171.25034,-3.2529,3.34603,0.59197,171.38999
57.0398,3.10853,-6.26185,171.26401,-3.25352,3.35546,0.59186,171.40663
57.0608,3.13944,-6.18477,171.06033,-3.25335,3.34117,0.59113,171.20089
57.0819,2.9967,-5.99111,171.1534,-3.25,3.34945,0.59087,171.28444
57.103,2.98889,-5.97791,171.26775,-3.2458,3.35965,0.58962,171.3981
57.1256,2.93233,-6.24022,170.95125,-3.25003,3.34285,0.59358,171.09023
57.1479,3.12226,-6.26246,171.14529,-3.25472,3.34062,0.59301,171.28829
57.1722,3.17125,-6.08896,171.17094,-3.25673,3.34725,0.59549,171.30856
57.1928,3.10626,-6.38149,171.24434,-3.25283,3.34854,0.59535,171.39135
57.2137,3.05525,-6.2423,171.08568,-3.24848,3.34524,0.59641,171.22678
57.235,2.86002,-6.24573,171.12996,-3.2535,3.35231,0.58731,171.26778
57.2556,2.88624,-5.90855,171.44011,-3.24812,3.35158,0.58689,171.56618
57.2783,3.15996,-6.00749,171.14087,-3.24785,3.34733,0.5907,171.27543
57.3014,3.01741,-6.21588,171.03123,-3.26111,3.34672,0.59098,171.17075
57.3258,3.08047,-6.04542,171.09868,-3.25074,3.34482,0.59588,171.23316
57.3477,2.95856,-5.96686,171.04544,-3.24381,3.34507,0.59144,171.17505
57.3685,3.03866,-6.43182,170.97807,-3.25851,3.3494,0.5979,171.12599
57.3905,3.06915,-5.97122,171.08969,-3.2422,3.34543,0.59525,171.22137
57.4112,3.08664,-6.15128,171.16542,-3.24719,3.3466,0.59293,171.30373
57.4335,3.12105,-6.199,171.09546,-3.248,3.34773,0.59911,171.23617
57.4543,2.94064,-6.23174,171.15042,-3.25554,3.35086,0.5913,171.28908
57.4774,2.93719,-6.36971,171.14439,-3.26202,3.33821,0.59237,171.28807
57.498,3.01994,-6.0948,171.21442,-3.2549,3.34821,0.59107,171.34948
57.5198,3.03216,-6.10214,171.28882,-3.2621,3.34942,0.59133,171.4243
57.541,3.1404,-6.04794,171.17146,-3.25284,3.34395,0.59025,171.30706
57.5622,2.98054,-6.17086,171.3678,-3.25587,3.349,0.58625,171.50477
57.5834,2.97131,-6.4681,171.29688,-3.25072,3.34699,0.59839,171.4447
57.6046,2.9949,-6.3684,171.16617,-3.25926,3.34368,0.59503,171.31078
57.6302,3.10221,-6.25004,171.03955,-3.25247,3.34542,0.59493,171.18182
57.651,3.00058,-6.13912,171.26469,-3.25345,3.3478,0.59504,171.40096
57.6717,2.75856,-6.33408,171.19002,-3.25536,3.35114,0.58794,171.32937
57.693,2.87347,-6.06293,171.22574,-3.24581,3.35529,0.58976,171.35714
57.7138,2.95668,-6.70368,171.36313,-3.25749,3.34807,0.60186,171.51969
57.7361,2.92038,-6.18455,171.01131,-3.24944,3.34719,0.59061,171.14802
57.7567,3.00787,-6.2073,171.12755,-3.25115,3.35022,0.59179,171.2665
57.7825,2.94144,-6.10917,171.14143,-3.25078,3.34537,0.5919,171.2757
57.8033,2.99196,-6.31607,171.40376,-3.25409,3.35017,0.59236,171.54619
57.824,3.08085,-6.44076,171.15819,-3.25492,3.34851,0.59651,171.30704
57.8449,3.05968,-6.08784,171.15596,-3.24244,3.35022,0.59486,171.29152
57.8658,3.00499,-5.9068,171.31894,-3.24982,3.34446,0.59102,171.44707
57.8869,2.80862,-6.18743,171.11577,-3.25345,3.3527,0.58776,171.25063
57.908,3.00043,-6.12411,171.21625,-3.24807,3.35042,0.59065,171.35201
57.9289,3.13811,-6.2109,171.1772,-3.25048,3.34626,0.59532,171.31858
57.9496,3.11699,-6.14421,171.04831,-3.25447,3.33991,0.59389,171.18701
57.9702,2.94339,-6.22487,171.22324,-3.2535,3.35028,0.59302,171.36163
57.991,2.95994,-6.42426,171.11305,-3.2501,3.34635,0.59521,171.25919
58.0164,2.94508,-6.22228,171.2896,-3.25805,3.34851,0.59435,171.42787
58.0375,3.06202,-6.31044,171.14319,-3.2544,3.34711,0.59702,171.28686
58.0586,3.05784,-6.14441,171.36243,-3.24384,3.35321,0.59369,171.49981
58.0795,2.99324,-6.13841,171.26807,-3.25477,3.34389,0.59022,171.40417
58.1015,3.11951,-6.2488,171.06276,-3.25134,3.35047,0.59864,171.20528
58.1222,2.85859,-6.22584,171.09306,-3.25343,3.34286,0.586,171.23016
58.148,2.95366,-6.26037,171.41293,-3.25003,3.34858,0.59296,171.55265
58.1687,3.05332,-6.26858,170.98138,-3.2559,3.34887,0.59575,171.1235
58.1896,3.04524,-6.35141,171.02704,-3.24801,3.34706,0.59351,171.17202
58.2103,2.8921,-6.00463,171.49866,-3.25613,3.34938,0.59299,171.62811
58.2307,3.12796,-6.21479,170.98338,-3.24764,3.34513,0.59521,171.12488
58.2519,2.98692,-6.15874,171.161,-3.24213,3.34986,0.59457,171.29781
58.2731,3.00424,-6.10555,171.35861,-3.25268,3.34388,0.59197,171.49366
58.2944,3.18711,-6.02746,171.07085,-3.24662,3.34569,0.59357,171.20667
58.3149,3.02366,-5.9835,171.08372,-3.2543,3.34501,0.58754,171.21503
58.3356,3.05607,-6.18231,171.06772,-3.25582,3.34692,0.59211,171.20667
58.3561,2.89247,-6.34279,171.09195,-3.25318,3.34222,0.58555,171.23391
58.3767,3.01714,-6.44903,171.12129,-3.25971,3.3479,0.59327,171.26935
58.4019,3.17901,-5.999,171.03883,-3.23866,3.34879,0.594,171.17353
58.4229,3.05977,-5.89369,171.09082,-3.24394,3.34532,0.58871,171.21964
58.4436,3.0206,-5.96545,171.06529,-3.24774,3.34987,0.59525,171.19593
58.4643,2.90074,-6.19873,171.25386,-3.24859,3.3478,0.5922,171.39056
58.4852,3.00877,-6.02387,171.15039,-3.24087,3.34664,0.59085,171.2828
58.5063,2.89806,-6.36026,171.15982,-3.25434,3.35116,0.59333,171.30247
58.5273,2.99072,-6.47165,171.13187,-3.25634,3.34609,0.5921,171.2803
58.5496,2.87608,-6.00406,171.45953,-3.25214,3.34928,0.5884,171.58873
58.5702,3.04572,-6.1241,171.19031,-3.25221,3.35029,0.59264,171.32689
58.5973,2.97127,-6.03585,171.2834,-3.25309,3.34668,0.58817,171.41547
58.6182,3.00085,-6.04407,171.20509,-3.24975,3.34247,0.59006,171.33803
58.6394,3.01325,-6.16212,171.23186,-3.25446,3.34919,0.59408,171.36919
58.6622,3.16399,-6.29376,170.82571,-3.25318,3.34338,0.59216,170.97089
58.6872,3.02021,-5.92558,171.48479,-3.2503,3.35276,0.58407,171.61371
58.7081,2.98684,-6.27534,171.05402,-3.25672,3.35224,0.59562,171.19514
58.7291,2.99476,-6.37129,171.25909,-3.25797,3.34209,0.59291,171.40373
58.7501,3.03935,-6.04424,171.12967,-3.24128,3.34709,0.5892,171.26335
58.7709,3.11923,-6.45745,171.15326,-3.25571,3.34498,0.60174,171.30343
58.7919,2.82637,-6.0408,171.35616,-3.24402,3.34918,0.58737,171.48589
58.8132,2.86592,-6.38797,171.22997,-3.24721,3.35095,0.5935,171.37305
58.8338,3.13467,-5.89188,171.05611,-3.2549,3.34664,0.58759,171.18625
58.8561,3.02377,-6.14498,171.04793,-3.25808,3.34707,0.58894,171.18498
58.8822,3.10058,-6.29556,171.06544,-3.25756,3.3442,0.5922,171.20933
58.9034,2.89351,-6.2282,171.21013,-3.24756,3.34937,0.59045,171.34781
58.9241,3.01266,-6.0746,170.96965,-3.25216,3.35163,0.59492,171.10406
58.9449,3.10194,-5.99244,170.99838,-3.24996,3.3409,0.58774,171.13146
58.9664,3.05536,-6.19605,171.06793,-3.24804,3.34519,0.59401,171.20737
58.9869,2.77666,-6.11689,171.33321,-3.264,3.35527,0.59172,171.46485
59.0077,2.97731,-6.3543,171.31352,-3.25647,3.34622,0.59328,171.45718
59.034,2.83702,-6.27365,171.41307,-3.26089,3.35247,0.59253,171.5513
59.0549,2.91286,-6.35989,171.05566,-3.25874,3.34343,0.59581,171.19864
59.0755,2.79893,-6.40714,171.32207,-3.26106,3.35067,0.59291,171.46468
59.1006,2.96343,-6.37987,171.26161,-3.25366,3.34502,0.59049,171.40602
59.1211,2.81466,-6.35907,171.2408,-3.25979,3.35029,0.59709,171.38195
59.1457,3.04863,-6.29314,171.28319,-3.25563,3.34753,0.59169,171.42587
59.1663,3.02558,-6.08639,171.31178,-3.24942,3.34626,0.5909,171.44657
59.1879,2.9362,-6.06414,171.44145,-3.25247,3.34969,0.58819,171.57379
59.2087,3.08329,-6.18966,171.13924,-3.25591,3.34308,0.58925,171.27889
59.2296,3.05866,-6.03106,171.26308,-3.25595,3.3427,0.59021,171.39653
59.2507,3.01555,-6.0989,171.17094,-3.25402,3.35136,0.58466,171.30611
59.2712,3.0551,-5.99526,171.33896,-3.25674,3.35073,0.5896,171.47103
59.292,2.98729,-6.03174,171.2953,-3.24924,3.3513,0.58604,171.4275
59.3135,3.16515,-6.05331,171.21078,-3.24499,3.34598,0.59287,171.347
59.3411,3.06239,-5.97808,171.07202,-3.24717,3.3504,0.58397,171.20383
59.362,3.09981,-6.07001,171.35225,-3.24923,3.34926,0.59876,171.48775
59.3831,2.99864,-6.25468,171.1757,-3.25414,3.34663,0.59322,171.31618
59.4044,2.99539,-6.12201,171.09612,-3.24649,3.34954,0.59183,171.23181
59.4249,2.86121,-6.2274,171.31526,-3.25415,3.34652,0.59051,171.45228
59.4457,2.87639,-6.57211,171.27245,-3.26454,3.34566,0.59689,171.42263
59.467,3.08233,-6.15615,170.99013,-3.25109,3.3491,0.59353,171.12867
59.492,3.11098,-6.19959,171.07161,-3.25335,3.34485,0.58883,171.21217
59.5133,3.07574,-6.09578,171.19586,-3.25389,3.34448,0.58896,171.33196
59.534,3.03718,-6.02726,171.26997,-3.24519,3.34949,0.59308,171.40291
59.5553,2.89235,-6.03499,171.25435,-3.24612,3.34956,0.58601,171.38506
59.5774,2.94879,-6.2021,170.99149,-3.24511,3.35022,0.59043,171.12934
59.5979,2.87089,-6.11853,171.23624,-3.25119,3.34927,0.59122,171.36956
59.62,2.88238,-6.12417,171.22104,-3.25526,3.34629,0.5891,171.35477
59.6446,3.09406,-6.14958,171.19798,-3.24945,3.3475,0.59209,171.33634
59.6677,2.94495,-6.45022,171.23631,-3.25053,3.35784,0.59571,171.38306
59.6889,3.05888,-6.03836,171.13719,-3.24317,3.34516,0.58834,171.271
59.7102,3.14537,-6.20813,171.22978,-3.2551,3.3453,0.59592,171.37115
59.7333,2.97001,-6.22249,170.95111,-3.2532,3.34991,0.59185,171.0901
59.7559,2.99678,-6.2657,170.96181,-3.24579,3.34418,0.59551,171.10283
59.7779,3.08863,-5.95361,171.42586,-3.25165,3.351,0.58818,171.55702
59.7984,3.00179,-6.32759,171.10233,-3.25259,3.35028,0.59671,171.2456
59.819,2.95277,-5.94452,171.09882,-3.25044,3.34361,0.58594,171.22751
59.8396,3.01308,-6.28317,170.97011,-3.25312,3.35006,0.59118,171.11205
59.8603,2.98901,-6.24983,171.32199,-3.25246,3.34892,0.59222,171.462
59.8816,3.0492,-6.27986,171.16414,-3.25344,3.34481,0.59468,171.30644
59.9027,3.01649,-5.83123,170.86104,-3.23837,3.35249,0.58831,170.98712
59.9235,3.15327,-6.33166,171.17722,-3.25925,3.33901,0.59709,171.3233
59.9448,3.00204,-6.41042,171.1864,-3.26318,3.34679,0.59612,171.33269
59.9713,2.99848,-6.08994,171.06601,-3.24931,3.35087,0.59022,171.20064
59.9917,3.11478,-6.50062,171.12126,-3.2554,3.34747,0.59812,171.27302
