{
    "wipe_joint": {
        "mean": [
            -1.3028092170828718,
            0.21759203055831275,
            1.814776415600828,
            -1.9694934861718147,
            -0.6424891620800237,
            1.5853389070830541,
            1.1708856921252717,
            153.59468825873395
        ],
        "std": [
            1.0589849708827903,
            0.2989120087920723,
            0.8482151948216422,
            0.26500194106815345,
            0.3950189730016863,
            0.4541888252851028,
            0.9795186622999393,
            27.1850851732121
        ],
        "min": [
            -2.7943434675867485,
            -0.5184702521975653,
            -0.28460089170089437,
            -2.565893548269117,
            -1.5962368731575396,
            0.610798745530796,
            -0.42735628765559597,
            91.78641650338254
        ],
        "max": [
            0.6145550738019265,
            0.9760668996103088,
            2.8675401314198696,
            -1.2657113134196607,
            0.43869242394048025,
            2.618652644271949,
            2.8686011606157087,
            225.6944675203586
        ],
        "q01": [
            -2.722674154941669,
            -0.3910183748226327,
            0.06021476166057422,
            -2.4940429860046844,
            -1.456356297678902,
            0.7633387717699728,
            -0.1517311628533211,
            103.61159397793666
        ],
        "q99": [
            0.25133724498003307,
            0.8792107518711394,
            2.866909497886992,
            -1.4836371362774492,
            0.23050227664986855,
            2.4526940597312543,
            2.7010903399747295,
            214.49207444687855
        ],
        "normalize": "mean_std"
    },
    "wipe_delta_joint": {
        "mean": [
            -0.0005171427205613674,
            -0.0006721305353045685,
            0.0006942019510612764,
            -0.0004278645360031947,
            -0.0002152149498344847,
            0.0004339807769497877,
            0.0006923943443245423,
            -0.13205807930641073
        ],
        "std": [
            0.005537038813712186,
            0.006682230166028885,
            0.0064089253023153995,
            0.006335775016481818,
            0.007203553057559656,
            0.006373819283530988,
            0.0072471415283338544,
            4.818682569795653
        ],
        "min": [
            -0.09659274455391753,
            -0.08087847298102536,
            -0.04785336531800066,
            -0.08493447510550056,
            -0.08267621955159814,
            -0.08462128266101843,
            -0.1012178462132805,
            -25.722843165399524
        ],
        "max": [
            0.04593373175396076,
            0.04703061702153996,
            0.06036716927257735,
            0.05141162386444709,
            0.07473057527681709,
            0.09312287470169012,
            0.09691074032384522,
            28.806017929866243
        ],
        "q01": [
            -0.03597979620593744,
            -0.03317161577313063,
            -0.024432727136094984,
            -0.04173700077078946,
            -0.040984509059117706,
            -0.035165345585577386,
            -0.03534950311107878,
            -12.469266572730039
        ],
        "q99": [
            0.016891085087597162,
            0.02253190583150896,
            0.028480079039591728,
            0.026238780219278935,
            0.032393918709166636,
            0.036839111194557884,
            0.0371034534256313,
            12.197138019873172
        ],
        "normalize": "mean_std"
    },
    "wipe_state_joint": {
        "mean": [
            -1.3028092170828718,
            0.21759203055831275,
            1.814776415600828,
            -1.9694934861718147,
            -0.6424891620800237,
            1.5853389070830541,
            1.1708856921252717,
            153.59468825873395
        ],
        "std": [
            1.0589849708827903,
            0.2989120087920723,
            0.8482151948216422,
            0.26500194106815345,
            0.3950189730016863,
            0.4541888252851028,
            0.9795186622999393,
            27.1850851732121
        ],
        "min": [
            -2.7943434675867485,
            -0.5184702521975653,
            -0.28460089170089437,
            -2.565893548269117,
            -1.5962368731575396,
            0.610798745530796,
            -0.42735628765559597,
            91.78641650338254
        ],
        "max": [
            0.6145550738019265,
            0.9760668996103088,
            2.8675401314198696,
            -1.2657113134196607,
            0.43869242394048025,
            2.618652644271949,
            2.8686011606157087,
            225.6944675203586
        ],
        "q01": [
            -2.722674154941669,
            -0.3910183748226327,
            0.06021476166057422,
            -2.4940429860046844,
            -1.456356297678902,
            0.7633387717699728,
            -0.1517311628533211,
            103.61159397793666
        ],
        "q99": [
            0.25133724498003307,
            0.8792107518711394,
            2.866909497886992,
            -1.4836371362774492,
            0.23050227664986855,
            2.4526940597312543,
            2.7010903399747295,
            214.49207444687855
        ],
        "normalize": "mean_std"
    }
}