{
    "wipe_lerobot_joint": {
        "mean": [
            -2.3465070724487305,
            0.08334571123123169,
            2.494631052017212,
            -2.2831265926361084,
            -0.22638416290283203,
            2.2112820148468018,
            0.2782403826713562,
            181.5055694580078
        ],
        "std": [
            0.5976200699806213,
            0.17435985803604126,
            0.6050470471382141,
            0.15067662298679352,
            0.18083029985427856,
            0.1278889924287796,
            0.19432872533798218,
            37.70072937011719
        ],
        "min": [
            -2.745896816253662,
            -0.48059743642807007,
            -0.18267874419689178,
            -2.5552780628204346,
            -0.5660268068313599,
            1.8729957342147827,
            -0.23549558222293854,
            100.0
        ],
        "max": [
            0.2670169174671173,
            0.40172943472862244,
            2.8625431060791016,
            -1.8144986629486084,
            0.3433099389076233,
            2.474454879760742,
            0.8366866707801819,
            200.0
        ],
        "q01": [
            -2.7459073066711426,
            -0.4805990755558014,
            -0.18307669460773468,
            -2.5552797317504883,
            -0.5664308071136475,
            1.872994303703308,
            -0.23549599945545197,
            100.0
        ],
        "q99": [
            0.26765361428260803,
            0.40172964334487915,
            2.8625690937042236,
            -1.8111693859100342,
            0.3433099389076233,
            2.474459648132324,
            0.8366895318031311,
            200.0
        ],
        "normalize": "mean_std"
    },
    "wipe_lerobot_delta_joint": {
        "mean": [
            6.021093940944411e-05,
            -0.0008724518120288849,
            0.001277378760278225,
            0.00048469804460182786,
            0.0006766320439055562,
            -0.0002687784726731479,
            0.0007198240491561592,
            0.461137056350708
        ],
        "std": [
            0.005157572217285633,
            0.00968621764332056,
            0.0073044877499341965,
            0.005434741266071796,
            0.012495576404035091,
            0.009661499410867691,
            0.009194000624120235,
            1.971686840057373
        ],
        "min": [
            -0.019803524017333984,
            -0.05060189962387085,
            -0.021968603134155273,
            -0.02292466163635254,
            -0.057028353214263916,
            -0.05081057548522949,
            -0.04260016977787018,
            0.0
        ],
        "max": [
            0.024129867553710938,
            0.02645057439804077,
            0.026934266090393066,
            0.03068089485168457,
            0.04155673086643219,
            0.03899836540222168,
            0.056988656520843506,
            10.0
        ],
        "q01": [
            -0.019831394776701927,
            -0.05174323171377182,
            -0.022111738100647926,
            -0.0233314149081707,
            -0.057044003158807755,
            -0.05083335563540459,
            -0.042606256902217865,
            0.0
        ],
        "q99": [
            0.024133624508976936,
            0.02646772190928459,
            0.026951001957058907,
            0.030706854537129402,
            0.04161493480205536,
            0.03904318809509277,
            0.057027239352464676,
            10.0
        ],
        "normalize": "mean_std"
    },
    "wipe_lerobot_state_joint": {
        "mean": [
            -2.3465070724487305,
            0.08334571123123169,
            2.494631052017212,
            -2.2831265926361084,
            -0.22638416290283203,
            2.2112820148468018,
            0.2782403826713562,
            181.5055694580078
        ],
        "std": [
            0.5976200699806213,
            0.17435985803604126,
            0.6050470471382141,
            0.15067662298679352,
            0.18083029985427856,
            0.1278889924287796,
            0.19432872533798218,
            37.70072937011719
        ],
        "min": [
            -2.745896816253662,
            -0.48059743642807007,
            -0.18267874419689178,
            -2.5552780628204346,
            -0.5660268068313599,
            1.8729957342147827,
            -0.23549558222293854,
            100.0
        ],
        "max": [
            0.2670169174671173,
            0.40172943472862244,
            2.8625431060791016,
            -1.8144986629486084,
            0.3433099389076233,
            2.474454879760742,
            0.8366866707801819,
            200.0
        ],
        "q01": [
            -2.7459073066711426,
            -0.4805990755558014,
            -0.18307669460773468,
            -2.5552797317504883,
            -0.5664308071136475,
            1.872994303703308,
            -0.23549599945545197,
            100.0
        ],
        "q99": [
            0.26765361428260803,
            0.40172964334487915,
            2.8625690937042236,
            -1.8111693859100342,
            0.3433099389076233,
            2.474459648132324,
            0.8366895318031311,
            200.0
        ],
        "normalize": "mean_std"
    }
}