{
    "wipe_lerobot_joint": {
        "mean": [
            -2.3642330169677734,
            0.08879343420267105,
            2.5083794593811035,
            -2.2908716201782227,
            -0.22962574660778046,
            2.218909502029419,
            0.27759456634521484,
            182.38970947265625
        ],
        "std": [
            0.5827202200889587,
            0.17081904411315918,
            0.5883694291114807,
            0.14950589835643768,
            0.17688748240470886,
            0.1298394799232483,
            0.19319431483745575,
            37.03168869018555
        ],
        "min": [
            -2.762911081314087,
            -0.4796993136405945,
            -0.17574988305568695,
            -2.555253267288208,
            -0.564412534236908,
            1.8741700649261475,
            -0.2354884147644043,
            100.0
        ],
        "max": [
            0.2670060098171234,
            0.4015335738658905,
            2.863302707672119,
            -1.8144986629486084,
            0.34330829977989197,
            2.475027084350586,
            0.8366559743881226,
            200.0
        ],
        "q01": [
            -2.7629473209381104,
            -0.4800260365009308,
            -0.17674139142036438,
            -2.555260181427002,
            -0.5648031830787659,
            1.874129295349121,
            -0.23548918962478638,
            100.0
        ],
        "q99": [
            0.2670069932937622,
            0.4015391170978546,
            2.86331844329834,
            -1.8112200498580933,
            0.3433084189891815,
            2.4751155376434326,
            0.8366579413414001,
            200.0
        ],
        "normalize": "mean_std"
    },
    "wipe_lerobot_delta_joint": {
        "mean": [
            7.670430932193995e-05,
            -0.0007367550861090422,
            0.0012256554327905178,
            0.00043413147795945406,
            0.0006405257736332715,
            -0.00027503204182721674,
            0.0006934839766472578,
            0.4398742616176605
        ],
        "std": [
            0.005244521889835596,
            0.009685652330517769,
            0.007345396559685469,
            0.005298248026520014,
            0.012530308216810226,
            0.00951302144676447,
            0.00936528667807579,
            1.928034782409668
        ],
        "min": [
            -0.019883155822753906,
            -0.05060189962387085,
            -0.02184891700744629,
            -0.02232217788696289,
            -0.0568828284740448,
            -0.049854278564453125,
            -0.04280722141265869,
            0.0
        ],
        "max": [
            0.02399921417236328,
            0.02645057439804077,
            0.026758193969726562,
            0.03037285804748535,
            0.041319794952869415,
            0.038400888442993164,
            0.05589699745178223,
            10.0
        ],
        "q01": [
            -0.019930792972445488,
            -0.051253609359264374,
            -0.021902775391936302,
            -0.022629620507359505,
            -0.05688314884901047,
            -0.05035848170518875,
            -0.04286797344684601,
            0.0
        ],
        "q99": [
            0.024077098816633224,
            0.026472624391317368,
            0.026766672730445862,
            0.030422233045101166,
            0.041415419429540634,
            0.03845176473259926,
            0.056109391152858734,
            10.0
        ],
        "normalize": "mean_std"
    },
    "wipe_lerobot_state_joint": {
        "mean": [
            -2.3642330169677734,
            0.08879343420267105,
            2.5083794593811035,
            -2.2908716201782227,
            -0.22962574660778046,
            2.218909502029419,
            0.27759456634521484,
            182.38970947265625
        ],
        "std": [
            0.5827202200889587,
            0.17081904411315918,
            0.5883694291114807,
            0.14950589835643768,
            0.17688748240470886,
            0.1298394799232483,
            0.19319431483745575,
            37.03168869018555
        ],
        "min": [
            -2.762911081314087,
            -0.4796993136405945,
            -0.17574988305568695,
            -2.555253267288208,
            -0.564412534236908,
            1.8741700649261475,
            -0.2354884147644043,
            100.0
        ],
        "max": [
            0.2670060098171234,
            0.4015335738658905,
            2.863302707672119,
            -1.8144986629486084,
            0.34330829977989197,
            2.475027084350586,
            0.8366559743881226,
            200.0
        ],
        "q01": [
            -2.7629473209381104,
            -0.4800260365009308,
            -0.17674139142036438,
            -2.555260181427002,
            -0.5648031830787659,
            1.874129295349121,
            -0.23548918962478638,
            100.0
        ],
        "q99": [
            0.2670069932937622,
            0.4015391170978546,
            2.86331844329834,
            -1.8112200498580933,
            0.3433084189891815,
            2.4751155376434326,
            0.8366579413414001,
            200.0
        ],
        "normalize": "mean_std"
    }
}