{
    "ABC_lerobot_eef": {
        "mean": [
            0.04134336238709174,
            -0.1115903756207206,
            0.5012102929421401,
            0.6465534407471417,
            -0.0798937729049262,
            1.6187439703979434,
            -0.06959832376711286
        ],
        "std": [
            0.13547342031084833,
            0.09125995950255053,
            0.049762877567824146,
            3.040114145018099,
            0.11761040936108705,
            0.404373795439944,
            0.9975750965926522
        ],
        "min": [
            -0.3220626725773355,
            -0.40612503208638584,
            0.3439130398132397,
            -3.2816704743726866,
            -0.469894167214806,
            0.021548001860693857,
            -1.0
        ],
        "max": [
            0.29300688379593487,
            0.08105818530433881,
            0.6437549733163321,
            3.2458355113498554,
            0.18393387021528732,
            3.0934721046316813,
            1.0
        ],
        "normalize": "mean_std"
    },
    "ABC_lerobot_delta_eef": {
        "mean": [
            5.455739670882902e-05,
            0.00021728863663731502,
            -0.00025934543922231506,
            -0.00019809394771457936,
            1.8316474490788686e-05,
            -0.0002933211327956843,
            -0.011266167713184
        ],
        "std": [
            0.004403692225037844,
            0.003614020107554011,
            0.003847456039277586,
            0.0065720649402941445,
            0.007450380813405634,
            0.016906329917696177,
            0.3203864310888459
        ],
        "min": [
            -0.014052890870915186,
            -0.011447905919713106,
            -0.008601657683657893,
            -0.021202873497464747,
            -0.023612523936598906,
            -0.06810630417741947,
            -2.0
        ],
        "max": [
            0.013594683776717575,
            0.011103908805012885,
            0.011786548839298305,
            0.021520825000483246,
            0.02098962608953389,
            0.06419504413116517,
            2.0
        ],
        "normalize": "mean_std"
    },
    "ABC_lerobot_state_eef": {
        "mean": [
            0.041344356863629694,
            -0.11175770411534602,
            0.5013256610588526,
            0.6617690520334992,
            -0.07979716314727939,
            1.6186734271131464,
            -0.06097026939325871
        ],
        "std": [
            0.13523277598788977,
            0.09121060200848063,
            0.049831564580397295,
            3.037041766018867,
            0.1175009136331462,
            0.4025492086950566,
            0.9981395825494717
        ],
        "min": [
            -0.32196340432168175,
            -0.4063208870537424,
            0.3438644382963465,
            -3.280961257650607,
            -0.4700633513482999,
            0.0210269242158643,
            -1.0
        ],
        "max": [
            0.2929995445991794,
            0.08109735610962826,
            0.6439474226606241,
            3.2473461134495762,
            0.18371736156205476,
            3.0936168809385034,
            1.0
        ],
        "normalize": "mean_std"
    }
}