{
    "D_lerobot_eef": {
        "mean": [
            0.0591828083317383,
            -0.11356877365236996,
            0.5037445783925913,
            0.6261652362121328,
            -0.023269216398290694,
            1.5910862951829192,
            -0.02875736457845282
        ],
        "std": [
            0.152401282371969,
            0.09271891607460044,
            0.05000115943161999,
            3.046760308735533,
            0.09390525422965322,
            0.30930270503030816,
            0.9995864214668501
        ],
        "min": [
            -0.3013168785807574,
            -0.40393932879925654,
            0.33949310832000407,
            -3.29396732068036,
            -0.2897243561313124,
            0.27470307161380014,
            -1.0
        ],
        "max": [
            0.3033928601247772,
            0.07656923572117473,
            0.6255820798562934,
            3.2364329805098286,
            0.2052627253203334,
            3.0063903381058656,
            1.0
        ],
        "normalize": "mean_std"
    },
    "D_lerobot_delta_eef": {
        "mean": [
            0.00014414702866972294,
            0.0002628055850062582,
            -0.0003375836959668707,
            -0.00033588331429239006,
            0.0001980513782712596,
            -7.729737407879618e-05,
            -0.032084633407407685
        ],
        "std": [
            0.004475258186910707,
            0.0037287818783401728,
            0.00395329333125048,
            0.006418916410143317,
            0.007150862961962386,
            0.01578172570701065,
            0.2512764276933372
        ],
        "min": [
            -0.01308949384770858,
            -0.011102978366540561,
            -0.008624162815918934,
            -0.02007808791923482,
            -0.020980846391094626,
            -0.06329140726293925,
            -2.0
        ],
        "max": [
            0.013549393408307353,
            0.010664846258993471,
            0.011964785666479905,
            0.0198250962150901,
            0.019043713892064176,
            0.0620705756429043,
            0.0
        ],
        "normalize": "mean_std"
    },
    "D_lerobot_state_eef": {
        "mean": [
            0.05915485653896493,
            -0.1138264754860584,
            0.5039213617207516,
            0.6644220710975698,
            -0.023416518939297817,
            1.5897679412477401,
            -0.017799895967447403
        ],
        "std": [
            0.1522433583002128,
            0.09267689015478428,
            0.05013493960972923,
            3.038392940004466,
            0.0938117464009482,
            0.3049535159391356,
            0.9998415692999744
        ],
        "min": [
            -0.30128866764025264,
            -0.40402824062548076,
            0.33948922773536705,
            -3.2922439240081,
            -0.2894539724368025,
            0.2774309193369925,
            -1.0
        ],
        "max": [
            0.3034891891644988,
            0.07666665515163179,
            0.6256768960399841,
            3.2377215841416263,
            0.20532538262766836,
            2.9967800838771326,
            1.0
        ],
        "normalize": "mean_std"
    }
}