{
    "libero_lerobot_eef": {
        "mean": [
            0.026936888694763184,
            0.05847067013382912,
            -0.077300526201725,
            0.0008785080281086266,
            0.009609855711460114,
            0.00016345448966603726,
            -0.12485857307910919
        ],
        "std": [
            0.30758193135261536,
            0.34388476610183716,
            0.4232015311717987,
            0.03547501564025879,
            0.05588803067803383,
            0.07766034454107285,
            0.9921751022338867
        ],
        "min": [
            -0.7473214268684387,
            -0.768750011920929,
            -0.9375,
            -0.12642857432365417,
            -0.15214285254478455,
            -0.25285714864730835,
            -1.0
        ],
        "max": [
            0.9321428537368774,
            0.8812500238418579,
            0.9375,
            0.1607142835855484,
            0.2110714316368103,
            0.36964285373687744,
            1.0
        ],
        "normalize": "mean_std"
    },
    "libero_lerobot_delta_eef": {
        "mean": [
            -0.0015067567583173513,
            1.1539197657839395e-05,
            -0.0007905870443210006,
            7.975404150784016e-05,
            -1.742800850479398e-05,
            0.00013353033864405006,
            0.0
        ],
        "std": [
            0.038899242877960205,
            0.033994536846876144,
            0.04578666388988495,
            0.005623015575110912,
            0.009092064574360847,
            0.006327330134809017,
            0.0
        ],
        "min": [
            -0.1446428894996643,
            -0.12589284777641296,
            -0.14732146263122559,
            -0.02250000089406967,
            -0.03535714000463486,
            -0.027857139706611633,
            0.0
        ],
        "max": [
            0.14999999105930328,
            0.12857142090797424,
            0.18482142686843872,
            0.02250000089406967,
            0.03428572416305542,
            0.027857139706611633,
            0.0
        ],
        "normalize": "mean_std"
    },
    "libero_lerobot_state_eef": {
        "mean": [
            -0.0628078505396843,
            0.02875032275915146,
            0.9026387929916382,
            2.9260802268981934,
            -0.2886883020401001,
            -0.1952899843454361,
            0.02919968031346798,
            -0.029193032532930374
        ],
        "std": [
            0.10704182833433151,
            0.1278652846813202,
            0.24662676453590393,
            0.3694101870059967,
            1.0540359020233154,
            0.3246977925300598,
            0.013381889089941978,
            0.013289426453411579
        ],
        "min": [
            -0.41669362783432007,
            -0.28054186701774597,
            0.44709280133247375,
            1.4309375286102295,
            -2.8245511054992676,
            -1.1463993787765503,
            0.0017859527142718434,
            -0.0400601327419281
        ],
        "max": [
            0.14437927305698395,
            0.3025733530521393,
            1.2727131843566895,
            3.285872459411621,
            2.616885185241699,
            0.6307679414749146,
            0.04044676944613457,
            -0.001712045050226152
        ],
        "normalize": "mean_std"
    }
}