{
  "num_files": 209,
  "total_steps": 257260,
  "action": {
    "mean": [
      -1.1145137259220643,
      0.5532721602581174,
      0.3378768168599436,
      -1.0751148591900792,
      0.7264326021385168,
      1.3842897836536916,
      -0.08021549138235273,
      0.0,
      1.7862229287226132,
      -0.9608070925525638,
      -1.7622409576788054,
      0.6290387089628833,
      -0.3723435917036031,
      -0.928903189283062,
      -0.1399092461158769,
      0.0
    ],
    "std": [
      0.20123227885508008,
      0.13819318368892786,
      0.12716749566242622,
      0.22931550518037996,
      0.09288013979774012,
      0.1933591317773209,
      0.21270033239123953,
      0.0,
      0.20499612436733616,
      0.3033270251795597,
      0.2373601846050487,
      0.3485477793753092,
      0.21099920658823168,
      0.361960298989643,
      0.3358299502637174,
      0.0
    ],
    "min": [
      -1.6371177406305517,
      0.26164412931585257,
      0.09970700276813761,
      -1.472451194857462,
      0.4411595978926884,
      0.9790341869984724,
      -0.23615074015147464,
      0.0,
      0.5645551402353077,
      -1.7017248768508983,
      -2.542787886378116,
      -0.03322480246424675,
      -1.514100819196146,
      -1.7399992743996644,
      -1.336376852529836,
      0.0
    ],
    "max": [
      -0.6840184494461301,
      0.7927351794678607,
      0.7097489121468413,
      -0.7057784831759433,
      1.116650519594597,
      1.626802455368037,
      0.7274769671050587,
      0.0,
      2.676832295147487,
      -0.07964888237228283,
      -0.11169557978888825,
      1.4799999999999596,
      0.540397435487247,
      0.8600978604663165,
      1.2704744745531444,
      0.0
    ]
  },
  "delta_action": {
    "mean": [
      5.121367248604645e-06,
      -3.100224865290052e-07,
      -5.038296773473738e-06,
      -2.306816032562664e-06,
      5.218819149739159e-07,
      -2.549403966681715e-06,
      -0.08021687510556937,
      0.0,
      3.0506045004175312e-05,
      -6.761686622507044e-06,
      -7.096498526320106e-05,
      -1.0779553988219695e-05,
      -2.625580170233406e-05,
      -0.9286682267056364,
      -5.932136412938504e-05,
      0.0
    ],
    "std": [
      0.0002959077327363531,
      0.00012379544070774856,
      0.0002547065529583855,
      0.0001743993352300876,
      0.0001565593521929058,
      0.00016735308312378034,
      0.21270466663873525,
      0.0,
      0.0035019655328199307,
      0.0054509112437678186,
      0.00364947245003303,
      0.005361767133098767,
      0.0044578197861433015,
      0.361979497552046,
      0.005777379779438503,
      0.0
    ],
    "min": [
      -0.002503616151184662,
      -0.0027131574524555946,
      -0.004018572441567836,
      -0.0030652145710258205,
      -0.003557184054854501,
      -0.0030962583364710916,
      -0.23615074015147464,
      0.0,
      -0.04252342133295017,
      -0.04111392783629775,
      -0.03162727575877322,
      -0.03747893843822048,
      -0.05550772559116765,
      -1.7399992743996644,
      -0.07201449024978257,
      0.0
    ],
    "max": [
      0.0037461587508600402,
      0.0019824963327628176,
      0.003071187069372483,
      0.004435541594235426,
      0.002722016295881091,
      0.002626707906956627,
      0.7274769671050587,
      0.0,
      0.03992677552847934,
      0.06359422432667716,
      0.05779750778517678,
      0.12720576779445558,
      0.07190486882246222,
      0.8600978604663165,
      0.057578495438880384,
      0.0
    ]
  },
  "state": {
    "mean": [
      -1.1145137259220643,
      0.5532721602581174,
      0.3378768168599436,
      -1.0751148591900792,
      0.7264326021385168,
      1.3842897836536916,
      -0.08021549138235273,
      0.0,
      1.7862229287226132,
      -0.9608070925525638,
      -1.7622409576788054,
      0.6290387089628833,
      -0.3723435917036031,
      -0.928903189283062,
      -0.1399092461158769,
      0.0
    ],
    "std": [
      0.20123227885508008,
      0.13819318368892786,
      0.12716749566242622,
      0.22931550518037996,
      0.09288013979774012,
      0.1933591317773209,
      0.21270033239123953,
      0.0,
      0.20499612436733616,
      0.3033270251795597,
      0.2373601846050487,
      0.3485477793753092,
      0.21099920658823168,
      0.361960298989643,
      0.3358299502637174,
      0.0
    ],
    "min": [
      -1.6371177406305517,
      0.26164412931585257,
      0.09970700276813761,
      -1.472451194857462,
      0.4411595978926884,
      0.9790341869984724,
      -0.23615074015147464,
      0.0,
      0.5645551402353077,
      -1.7017248768508983,
      -2.542787886378116,
      -0.03322480246424675,
      -1.514100819196146,
      -1.7399992743996644,
      -1.336376852529836,
      0.0
    ],
    "max": [
      -0.6840184494461301,
      0.7927351794678607,
      0.7097489121468413,
      -0.7057784831759433,
      1.116650519594597,
      1.626802455368037,
      0.7274769671050587,
      0.0,
      2.676832295147487,
      -0.07964888237228283,
      -0.11169557978888825,
      1.4799999999999596,
      0.540397435487247,
      0.8600978604663165,
      1.2704744745531444,
      0.0
    ]
  }
}